<?xml version='1.0' encoding='utf-8' standalone='yes' ?>
<services>
    <service uid="10033" authority="com.google.android.gms.people" accountType="com.google" />
    <service uid="10095" authority="com.google.android.gm.email.provider" accountType="com.google.android.gm.pop3" />
    <service uid="10136" authority="org.kman.AquaMail.mailsync" accountType="org.kman.AquaMail.yahoo" />
    <service uid="10095" authority="com.google.android.gm.tasks.provider" accountType="com.google.android.gm.exchange" />
    <service uid="10147" authority="com.opera.browser.ping.provider" accountType="com.opera.browser.ping" />
    <service uid="10138" authority="com.google.android.apps.magazines" accountType="com.google" />
    <service uid="10136" authority="org.kman.AquaMail.mailsync" accountType="org.kman.AquaMail.yandex" />
    <service uid="10033" authority="com.android.contacts" accountType="com.google" />
    <service uid="10117" authority="com.google.android.keep" accountType="com.google" />
    <service uid="10145" authority="com.google.android.videos.sync" accountType="com.google" />
    <service uid="10136" authority="org.kman.AquaMail.mailsync" accountType="org.kman.AquaMail.internet" />
    <service uid="10033" authority="com.google.android.gms.auth.accountstate" accountType="com.google" />
    <service uid="10033" authority="com.google.android.gms.games.background" accountType="com.google" />
    <service uid="10033" authority="subscribedfeeds" accountType="com.google" />
    <service uid="10143" authority="com.google.android.music.MusicContent" accountType="com.google" />
    <service uid="10141" authority="com.android.contacts" accountType="com.google.android.apps.tachyon" />
    <service uid="10033" authority="com.google.android.location.reporting" accountType="com.google" />
    <service uid="10078" authority="com.android.calendar" accountType="com.google" />
    <service uid="10095" authority="com.android.contacts" accountType="com.google.android.gm.exchange" />
    <service uid="10095" authority="com.google.android.gm.email.provider" accountType="com.google.android.gm.legacyimap" />
    <service uid="10136" authority="org.kman.AquaMail.mailsync" accountType="org.kman.AquaMail.hotmail" />
    <service uid="10033" authority="com.google.android.gms.appstate" accountType="com.google" />
    <service uid="10033" authority="com.google.android.gms.auth.confirm" accountType="com.google" />
    <service uid="10136" authority="com.android.calendar" accountType="org.kman.AquaMail.ews" />
    <service uid="10095" authority="com.google.android.gm.email.provider" accountType="com.google.android.gm.exchange" />
    <service uid="10033" authority="com.google.android.gms.subscribedfeeds" accountType="com.google" />
    <service uid="10033" authority="com.google.android.gms.drive.sync" accountType="com.google" />
    <service uid="10136" authority="org.kman.AquaMail.mailsync" accountType="org.kman.AquaMail.gmail" />
    <service uid="10136" authority="org.kman.AquaMail.mailsync" accountType="org.kman.AquaMail.ews" />
    <service uid="10033" authority="com.google.android.gms.plus.action" accountType="com.google" />
    <service uid="10144" authority="com.google.android.apps.docs" accountType="com.google" />
    <service uid="10136" authority="com.android.contacts" accountType="org.kman.AquaMail.ews" />
    <service uid="10085" authority="com.android.chrome" accountType="com.google" />
    <service uid="10033" authority="com.google.android.gms.reminders" accountType="com.google" />
    <service uid="10033" authority="com.google.android.gms.fitness" accountType="com.google" />
    <service uid="10033" authority="com.google.android.gms.chromesync" accountType="com.google" />
    <service uid="10033" authority="com.google.android.gms.games" accountType="com.google" />
    <service uid="10095" authority="com.android.calendar" accountType="com.google.android.gm.exchange" />
    <service uid="10095" authority="gmail-ls" accountType="com.google" />
</services>
