<?xml version='1.0' encoding='UTF-8' standalone='yes' ?>
<settings version="-1">
  <setting id="0" name="userkey" value="F1402DD8B35CBCA38EF95C97B8F982E1360B40DB26D5E4ABC498E6680FAF82BA" package="android" defaultValue="F1402DD8B35CBCA38EF95C97B8F982E1360B40DB26D5E4ABC498E6680FAF82BA" defaultSysSet="true" tag="null" />
  <setting id="8" name="10033" value="0f15be3b48d0394e" package="com.google.android.gms" defaultValue="0f15be3b48d0394e" defaultSysSet="false" tag="null" />
  <setting id="10" name="10063" value="3034d9d701878db0" package="com.facebook.services" defaultValue="3034d9d701878db0" defaultSysSet="false" tag="null" />
  <setting id="1" name="10065" value="0f15be3b48d0394e" package="com.android.vending" defaultValue="0f15be3b48d0394e" defaultSysSet="false" tag="null" />
  <setting id="3" name="10078" value="0f15be3b48d0394e" package="com.google.android.calendar" defaultValue="0f15be3b48d0394e" defaultSysSet="false" tag="null" />
  <setting id="5" name="10085" value="0f15be3b48d0394e" package="com.android.chrome" defaultValue="0f15be3b48d0394e" defaultSysSet="false" tag="null" />
  <setting id="4" name="10121" value="947aa238e049d746" package="com.coloros.safesdkproxy" defaultValue="947aa238e049d746" defaultSysSet="false" tag="null" />
  <setting id="2" name="10136" value="5b1656fa7c591e39" package="org.kman.AquaMail" defaultValue="5b1656fa7c591e39" defaultSysSet="false" tag="null" />
  <setting id="7" name="10143" value="0f15be3b48d0394e" package="com.google.android.music" defaultValue="0f15be3b48d0394e" defaultSysSet="false" tag="null" />
  <setting id="6" name="10145" value="9608158c80e90136" package="com.google.android.videos" defaultValue="9608158c80e90136" defaultSysSet="false" tag="null" />
  <setting id="9" name="10148" value="b1e4b13a37218c99" package="org.zwanoo.android.speedtest" defaultValue="b1e4b13a37218c99" defaultSysSet="false" tag="null" />
</settings>