<?xml version='1.0' encoding='UTF-8' standalone='yes' ?>
<settings version="255">
  <setting id="138" name="oppo_vistor_mode_password_state" value="oppo_vistor_mode_state_none" package="android" defaultValue="oppo_vistor_mode_state_none" defaultSysSet="true" />
  <setting id="132" name="notify_new_version_cloud" value="0" package="android" defaultValue="0" defaultSysSet="true" />
  <setting id="60" name="power_off_sound" value="1" package="android" defaultValue="1" defaultSysSet="true" />
  <setting id="128" name="lid_open_sound" value="/system/media/audio/ui/uncover.mp3" package="android" defaultValue="/system/media/audio/ui/uncover.mp3" defaultSysSet="true" />
  <setting id="209" name="oppo_default_notification" value="content://media/internal/audio/media/15" package="com.android.providers.media" />
  <setting id="117" name="show_smart_case_window" value="0" package="android" defaultValue="0" defaultSysSet="true" />
  <setting id="104" name="oppo_three_fingers_switch_app" value="0" package="android" defaultValue="0" defaultSysSet="true" />
  <setting id="86" name="oppo_key_vibrate" value="1" package="android" defaultValue="1" defaultSysSet="true" />
  <setting id="36" name="mtk_rtsp_name" value="Streaming" package="android" defaultValue="Streaming" defaultSysSet="true" />
  <setting id="219" name="oppo_default_ringtone_sim2" value="content://media/internal/audio/media/25" package="com.android.providers.media" />
  <setting id="19" name="window_animation_scale" value="1.0" package="android" defaultValue="1.0" defaultSysSet="true" />
  <setting id="95682" name="powersave_backup_feedback_state" value="1" package="android" defaultValue="1" defaultSysSet="true" />
  <setting id="135" name="usb_no_ask_again" value="0" package="android" defaultValue="0" defaultSysSet="true" />
  <setting id="44" name="ivsr_setting" value="1" package="android" defaultValue="1" defaultSysSet="true" />
  <setting id="222" name="oppo_breath_led_charge" value="0" package="com.android.settings" defaultValue="0" defaultSysSet="true" />
  <setting id="200" name="oppo_default_sms_notification_sound" value="content://media/internal/audio/media/8" package="com.android.providers.media" />
  <setting id="131297" name="SLA_DIALOG_COUNT" value="3" package="android" defaultValue="3" defaultSysSet="true" />
  <setting id="53" name="auto_answer" value="-1" package="android" defaultValue="-1" defaultSysSet="true" />
  <setting id="88" name="oppo_status_bar_enable_when_lock" value="1" package="android" defaultValue="1" defaultSysSet="true" />
  <setting id="121" name="tp_ctrl_touch_to_slide_enabled" value="1" package="android" defaultValue="1" defaultSysSet="true" />
  <setting id="148" name="color_dispaly_adjust" package="com.color.eyeprotect" />
  <setting id="172963" name="volume_music_speaker" value="2" package="android" defaultValue="2" defaultSysSet="true" />
  <setting id="120" name="tp_ctrl_double_click_start_app_enabled" value="0" package="android" defaultValue="0" defaultSysSet="true" />
  <setting id="96" name="oppo_smart_apperceive_decrease_volume" value="0" package="android" defaultValue="0" defaultSysSet="true" />
  <setting id="226" name="ringtone_cache_title_sim2" value="ringtone_001" package="com.android.phone" defaultValue="ringtone_001" defaultSysSet="true" />
  <setting id="217" name="oppo_default_ringtone" value="content://media/internal/audio/media/25" package="com.android.providers.media" />
  <setting id="201" name="notification_sim2" value="content://media/internal/audio/media/8" package="com.android.providers.media" />
  <setting id="23" name="notification_light_pulse" value="1" package="android" defaultValue="1" defaultSysSet="true" />
  <setting id="145" name="ro.display.rc.size" value="108,108,111,111" package="android" defaultValue="108,108,111,111" defaultSysSet="true" />
  <setting id="76" name="oppo_breath_led_notification" value="0" package="android" defaultValue="0" defaultSysSet="true" />
  <setting id="208" name="notification_sound" value="content://media/internal/audio/media/15" package="com.android.providers.media" />
  <setting id="123" name="tp_ctrl_in_recording_enabled" value="0" package="android" defaultValue="0" defaultSysSet="true" />
  <setting id="45" name="cro_setting" value="1" package="android" defaultValue="1" defaultSysSet="true" />
  <setting id="97515" name="is_smart_enable" value="0" package="android" defaultValue="0" defaultSysSet="true" />
  <setting id="188288" name="usb_remeber_selection" value="1" package="com.coloros.usbselection" defaultValue="1" defaultSysSet="true" />
  <setting id="4" name="volume_alarm" value="12" package="android" defaultValue="12" defaultSysSet="true" />
  <setting id="253" name="persist.sys.skin" value="/system/media/themeInner/1-DeepGreen.theme" package="com.nearme.themestore" />
  <setting id="0" name="volume_music" value="10" package="android" defaultValue="10" defaultSysSet="true" />
  <setting id="3" name="volume_voice" value="5" package="android" defaultValue="5" defaultSysSet="true" />
  <setting id="129" name="lid_close_sound" value="/system/media/audio/ui/cover.mp3" package="android" defaultValue="/system/media/audio/ui/cover.mp3" defaultSysSet="true" />
  <setting id="75" name="auto_redial" value="0" package="android" defaultValue="0" defaultSysSet="true" />
  <setting id="198" name="sim_contacts_ready" value="0" package="com.android.contacts" />
  <setting id="48" name="international_dialing_key" value="1" package="android" defaultValue="1" defaultSysSet="true" />
  <setting id="46" name="hoo_setting" value="1" package="android" defaultValue="1" defaultSysSet="true" />
  <setting id="216" name="ringtone" value="content://media/internal/audio/media/25" package="com.android.providers.media" />
  <setting id="214" name="pref.current.lock.index" value="com.android.systemui" package="com.nearme.themestore" />
  <setting id="2197" name="keyguard_wallpaper_statistics_settings" value="true;true" package="com.android.systemui" defaultValue="true;true" defaultSysSet="true" />
  <setting id="103" name="oppo_double_press_home_lock_screen" value="0" package="android" defaultValue="0" defaultSysSet="true" />
  <setting id="93" name="oppo_smart_apperceive_image" value="0" package="android" defaultValue="0" defaultSysSet="true" />
  <setting id="188718" name="real_screen_brightness" value="9" package="android" defaultValue="9" defaultSysSet="true" />
  <setting id="14" name="hearing_aid" value="0" package="android" defaultValue="0" defaultSysSet="true" />
  <setting id="51" name="gprs_connection_setting" value="-4" package="android" defaultValue="-4" defaultSysSet="true" />
  <setting id="131" name="KEYGUARD_VERSION" value="2.0" package="android" defaultValue="2.0" defaultSysSet="true" />
  <setting id="147" name="color_eyeprotect_saved_level" value="0.7275339" package="com.color.eyeprotect" defaultValue="0.7275339" defaultSysSet="true" />
  <setting id="197" name="show_gamespace_icon_in_statusbar" value="0" package="com.coloros.gamespace" defaultValue="0" defaultSysSet="true" />
  <setting id="126" name="tp_ctrl_double_click_start_app_set" value="com.oppo.camera/com.oppo.camera.CameraLauncher" package="android" defaultValue="com.oppo.camera/com.oppo.camera.CameraLauncher" defaultSysSet="true" />
  <setting id="69" name="wallpaper_holiday" value="1" package="android" defaultValue="1" defaultSysSet="true" />
  <setting id="81" name="oppo_dirac_sound_effect" value="1" package="android" defaultValue="1" defaultSysSet="true" />
  <setting id="59" name="power_on_sound" value="1" package="android" defaultValue="1" defaultSysSet="true" />
  <setting id="32" name="roaming_indication_needed" value="0" package="android" defaultValue="0" defaultSysSet="true" />
  <setting id="115" name="oppo_3g_switch_visible" value="0" package="android" defaultValue="0" defaultSysSet="true" />
  <setting id="61" name="display_power_percent" value="0" package="android" defaultValue="0" defaultSysSet="true" />
  <setting id="1" name="volume_ring" value="14" package="android" defaultValue="14" defaultSysSet="true" />
  <setting id="164" name="KeyguardWallpaperTxtColor" value="-1" package="com.android.systemui" defaultValue="-1" defaultSysSet="true" />
  <setting id="95" name="oppo_smart_apperceive_adjust_speaker" value="0" package="android" defaultValue="0" defaultSysSet="true" />
  <setting id="225" name="ringtone_cache_title" value="ringtone_001" package="com.android.phone" defaultValue="ringtone_001" defaultSysSet="true" />
  <setting id="30" name="enable_internet_call_value" value="0" package="android" defaultValue="0" defaultSysSet="true" />
  <setting id="165546" name="screen_auto_brightness_adj" value="0.0" package="android" defaultValue="0.0" defaultSysSet="true" />
  <setting id="124" name="tp_ctrl_music_page_enabled" value="1" package="android" defaultValue="1" defaultSysSet="true" />
  <setting id="223" name="skip_swipe_screen" value="0" package="com.android.settings" defaultValue="0" defaultSysSet="true" />
  <setting id="527" name="oppo_cta_update_pictorial" value="1" package="com.coloros.bootreg" defaultValue="1" defaultSysSet="true" />
  <setting id="70" name="orientation_animation" value="1" package="android" defaultValue="1" defaultSysSet="true" />
  <setting id="17" name="screen_brightness_mode" value="1" package="android" defaultValue="1" defaultSysSet="true" />
  <setting id="37307" name="alarm_alert_set" value="1" package="com.google.android.gsf" />
  <setting id="8" name="mute_streams_affected" value="47" package="android" defaultValue="47" defaultSysSet="true" />
  <setting id="53211" name="shortcuts_panel_show_guide_dialog" value="0" package="com.android.systemui" defaultValue="0" defaultSysSet="true" />
  <setting id="110" name="oppo_led_color_for_favorite_contacts" value="#00b400" package="android" defaultValue="#00b400" defaultSysSet="true" />
  <setting id="122" name="tp_ctrl_in_reading_enabled" value="1" package="android" defaultValue="1" defaultSysSet="true" />
  <setting id="64" name="call_vibrate_method" value="2" package="android" defaultValue="2" defaultSysSet="true" />
  <setting id="42" name="voice_call_reject_mode" value="0" package="android" defaultValue="0" defaultSysSet="true" />
  <setting id="74" name="phone_ip_prefix" value="" package="android" defaultValue="" defaultSysSet="true" />
  <setting id="84" name="oppo_nfc_lightning_transfer" value="0" package="android" defaultValue="0" defaultSysSet="true" />
  <setting id="31" name="roaming_reminder_mode_setting" value="1" package="android" defaultValue="1" defaultSysSet="true" />
  <setting id="227" name="oppoguardelf_deepsleep_network_type" value="0" package="com.coloros.oppoguardelf" defaultValue="0" defaultSysSet="true" />
  <setting id="224" name="auto_clear_swith" value="1" package="com.android.settings" defaultValue="1" defaultSysSet="true" />
  <setting id="15" name="tty_mode" value="0" package="android" defaultValue="0" defaultSysSet="true" />
  <setting id="4501" name="oppo_is_camera_recording" value="0" package="com.oppo.camera" defaultValue="0" defaultSysSet="true" />
  <setting id="525" name="oppo_cta_update_service" value="1" package="com.coloros.bootreg" defaultValue="1" defaultSysSet="true" />
  <setting id="72" name="button_light_timeout" value="6000" package="android" defaultValue="6000" defaultSysSet="true" />
  <setting id="37308" name="ringtone_set" value="1" package="com.google.android.gsf" />
  <setting id="254" name="font_scale" value="1.0" package="android" defaultValue="1.0" defaultSysSet="true" />
  <setting id="11" name="dim_screen" value="1" package="android" defaultValue="1" defaultSysSet="true" />
  <setting id="57" name="timepower_config" value="070010230000080010000000" package="android" defaultValue="070010230000080010000000" defaultSysSet="true" />
  <setting id="541" name="oppo.missed.calls.number" value="0" package="com.android.contacts" />
  <setting id="65" name="presskey_light_timeout" value="6" package="android" defaultValue="6" defaultSysSet="true" />
  <setting id="109" name="oppo_blank_screen_music_enabled" value="0" package="android" defaultValue="0" defaultSysSet="true" />
  <setting id="89977" name="oppoguaedelf_deep_sleep_status" value="0" package="com.coloros.oppoguardelf" defaultValue="0" defaultSysSet="true" />
  <setting id="5250" name="oppo_ota_patch" value="1" package="com.oppo.ota" defaultValue="1" defaultSysSet="true" />
  <setting id="114" name="oppo_use_optimized_app_icon_enabled" value="1" package="android" defaultValue="1" defaultSysSet="true" />
  <setting id="71" name="button_light_mode" value="3" package="android" defaultValue="3" defaultSysSet="true" />
  <setting id="89" name="oppo_smart_apperceive_enabled" value="0" package="android" defaultValue="0" defaultSysSet="true" />
  <setting id="47" name="tether_ipv6_feature" value="1" package="android" defaultValue="1" defaultSysSet="true" />
  <setting id="29" name="boot_up_select_mode" value="0" package="android" defaultValue="0" defaultSysSet="true" />
  <setting id="37306" name="notification_sound_set" value="1" package="com.google.android.gsf" />
  <setting id="85" name="oppo_key_tone" value="1" package="android" defaultValue="1" defaultSysSet="true" />
  <setting id="6" name="volume_bluetooth_sco" value="8" package="android" defaultValue="8" defaultSysSet="true" />
  <setting id="94" name="oppo_smart_apperceive_auto_answer" value="0" package="android" defaultValue="0" defaultSysSet="true" />
  <setting id="82" name="oppo_double_click_to_top_effect" value="0" package="android" defaultValue="0" defaultSysSet="true" />
  <setting id="26" name="lockscreen_sounds_enabled" value="1" package="android" defaultValue="1" defaultSysSet="true" />
  <setting id="101040" name="user_rotation" value="0" package="android" defaultValue="0" defaultSysSet="true" />
  <setting id="116" name="oppo_double_click_camera_on" value="0" package="android" defaultValue="0" defaultSysSet="true" />
  <setting id="112" name="oppo_led_color_for_general_notificaions" value="#00b400" package="android" defaultValue="#00b400" defaultSysSet="true" />
  <setting id="212" name="oppo_unlock_change_class" value="com.android.systemui.keyguard.KeyguardService" package="com.nearme.themestore" />
  <setting id="2199" name="accelerometer_rotation" value="0" package="android" defaultValue="0" defaultSysSet="true" />
  <setting id="67" name="3GMode_on" value="0" package="android" defaultValue="0" defaultSysSet="true" />
  <setting id="63" name="breath_light" value="1" package="android" defaultValue="1" defaultSysSet="true" />
  <setting id="140" name="oppo_vistor_mode_pattern" value="" package="android" defaultValue="" defaultSysSet="true" />
  <setting id="127" name="lid_sounds_enabled" value="1" package="android" defaultValue="1" defaultSysSet="true" />
  <setting id="116268" name="screen_off_timeout" value="300000" package="com.android.settings" defaultValue="300000" defaultSysSet="true" />
  <setting id="52" name="socket_data_call_enable" value="1" package="android" defaultValue="1" defaultSysSet="true" />
  <setting id="2195" name="BLACK_LIST_IS_OTA_FLAG" value="1" package="com.coloros.blacklist" defaultValue="1" defaultSysSet="true" />
  <setting id="158039" name="show_touches" value="0" package="com.oppo.logkit" defaultValue="0" defaultSysSet="true" />
  <setting id="39" name="mtk_rtsp_to_napid" value="CMCC WAP" package="android" defaultValue="CMCC WAP" defaultSysSet="true" />
  <setting id="37" name="mtk_rtsp_to_proxy" value="10.0.0.172" package="android" defaultValue="10.0.0.172" defaultSysSet="true" />
  <setting id="540" name="volume_alarm_speaker" value="1" package="android" defaultValue="1" defaultSysSet="true" />
  <setting id="9" name="vibrate_when_ringing" value="1" package="android" defaultValue="1" defaultSysSet="true" />
  <setting id="165" name="hide_rotation_lock_toggle_for_accessibility" value="0" package="com.android.systemui" defaultValue="0" defaultSysSet="true" />
  <setting id="229" name="alarm_alert" value="content://media/internal/audio/media/153" package="android" defaultValue="content://media/internal/audio/media/153" defaultSysSet="true" />
  <setting id="27" name="pointer_speed" value="0" package="android" defaultValue="0" defaultSysSet="true" />
  <setting id="101" name="oppo_prevent_misoperation_enabled" value="0" package="android" defaultValue="0" defaultSysSet="true" />
  <setting id="202" name="oppo_default_notification_sim2" value="content://media/internal/audio/media/8" package="com.android.providers.media" />
  <setting id="43799" name="vibrate_when_silent" value="1" package="com.android.settings" defaultValue="1" defaultSysSet="true" />
  <setting id="199" name="oppo_sms_notification_sound" value="content://media/internal/audio/media/8" package="com.android.providers.media" />
  <setting id="234" name="high_performance_mode_on" value="0" package="com.coloros.oppoguardelf" defaultValue="0" defaultSysSet="true" />
  <setting id="164741" name="oppo_network_auto_select" value="0" package="com.android.phone" defaultValue="0" defaultSysSet="true" />
  <setting id="20" name="transition_animation_scale" value="1.0" package="android" defaultValue="1.0" defaultSysSet="true" />
  <setting id="149" name="color_eyeprotect_enable" value="0" package="com.color.eyeprotect" defaultValue="0" defaultSysSet="true" />
  <setting id="107" name="oppo_blank_screen_camera_enabled" value="0" package="android" defaultValue="0" defaultSysSet="true" />
  <setting id="210" name="currentwallpaper" value="unofficial" package="com.nearme.themestore" />
  <setting id="213" name="oppo_unlock_change_pkg" value="com.android.systemui" package="com.nearme.themestore" />
  <setting id="856" name="touch.stats" value='{"min":1,"max":1}' package="android" defaultValue='{"min":1,"max":1}' defaultSysSet="true" />
  <setting id="529" name="oppo_pictorial_auto_play" value="1" package="com.coloros.bootreg" defaultValue="1" defaultSysSet="true" />
  <setting id="38" name="mtk_rtsp_netinfo" value="EGPRS,10,100" package="android" defaultValue="EGPRS,10,100" defaultSysSet="true" />
  <setting id="142" name="mode_ringer_streams_affected" value="422" package="android" defaultValue="422" defaultSysSet="true" />
  <setting id="188726" name="log_switch_type" value="0" package="com.oppo.logkit" defaultValue="0" defaultSysSet="true" />
  <setting id="43" name="vt_call_reject_mode" value="0" package="android" defaultValue="0" defaultSysSet="true" />
  <setting id="144" name="power_save_backlight_state" value="1" package="android" defaultValue="1" defaultSysSet="true" />
  <setting id="531" name="oppo_cta_user_experience" value="-1" package="com.coloros.bootreg" defaultValue="-1" defaultSysSet="true" />
  <setting id="203" name="calendar_sound" value="content://media/internal/audio/media/10" package="com.android.providers.media" />
  <setting id="54" name="gprs_connection_sim_setting" value="-5" package="android" defaultValue="-5" defaultSysSet="true" />
  <setting id="5" name="volume_notification" value="11" package="android" defaultValue="11" defaultSysSet="true" />
  <setting id="40" name="mtk_rtsp_max_udp_port" value="65535" package="android" defaultValue="65535" defaultSysSet="true" />
  <setting id="106" name="oppo_glove_mode_enabled" value="0" package="android" defaultValue="0" defaultSysSet="true" />
  <setting id="90" name="oppo_smart_apperceive_dial" value="0" package="android" defaultValue="0" defaultSysSet="true" />
  <setting id="73" name="power_save_method" value="0" package="android" defaultValue="0" defaultSysSet="true" />
  <setting id="859" name="gearhead:driving_mode_settings_enabled" value="0" package="com.google.android.gms" />
  <setting id="28" name="dual_sim_mode_setting" value="3" package="android" defaultValue="3" defaultSysSet="true" />
  <setting id="13" name="dtmf_tone_type" value="0" package="android" defaultValue="0" defaultSysSet="true" />
  <setting id="134" name="pictorial switch" value="1" package="android" defaultValue="1" defaultSysSet="true" />
  <setting id="24" name="dtmf_tone" value="1" package="android" defaultValue="1" defaultSysSet="true" />
  <setting id="137" name="oppo_vistor_mode_state" value="0" package="android" defaultValue="0" defaultSysSet="true" />
  <setting id="56" name="date_format" value="" package="android" defaultValue="" defaultSysSet="true" />
  <setting id="539" name="volume_ring_speaker" value="0" package="android" defaultValue="0" defaultSysSet="true" />
  <setting id="204" name="calendar_default_sound" value="content://media/internal/audio/media/10" package="com.android.providers.media" />
  <setting id="100" name="oppo_eye_tracking_enabled" value="0" package="android" defaultValue="0" defaultSysSet="true" />
  <setting id="33" name="ipo_setting" value="1" package="android" defaultValue="1" defaultSysSet="true" />
  <setting id="49" name="data_usage_on_lockscreen_sim1" value="0" package="android" defaultValue="0" defaultSysSet="true" />
  <setting id="50" name="data_usage_on_lockscreen_sim2" value="0" package="android" defaultValue="0" defaultSysSet="true" />
  <setting id="113" name="oppo_quick_start_rotative_camera_enabled" value="0" package="android" defaultValue="0" defaultSysSet="true" />
  <setting id="256" name="time_12_24" value="24" package="com.android.settings" defaultValue="24" defaultSysSet="true" />
  <setting id="221" name="oppo_breath_led_low_power" value="0" package="com.android.settings" defaultValue="0" defaultSysSet="true" />
  <setting id="106723" name="pointer_location" value="0" package="com.android.settings" defaultValue="0" defaultSysSet="true" />
  <setting id="255" name="system_locales" value="en-US" package="android" defaultValue="en-US" defaultSysSet="true" />
  <setting id="528" name="oppo_pictorial_apply" value="1" package="com.coloros.bootreg" defaultValue="1" defaultSysSet="true" />
  <setting id="58" name="screen_effect" value="1" package="android" defaultValue="1" defaultSysSet="true" />
  <setting id="5248" name="OPPO_SLA_LAST_MCC" value="222" package="android" defaultValue="222" defaultSysSet="true" />
  <setting id="2" name="volume_system" value="14" package="android" defaultValue="14" defaultSysSet="true" />
  <setting id="218" name="ringtone_sim2" value="content://media/internal/audio/media/25" package="com.android.providers.media" />
  <setting id="188728" name="oppo_data_traffic_used" value=" Data Usage, Today: 9 KB, This Month: 381 KB" package="com.coloros.simsettings" defaultValue=" Data Usage, Today: 9 KB, This Month: 381 KB" defaultSysSet="true" />
  <setting id="35" name="wifi_select_ssid_type" value="0" package="android" defaultValue="0" defaultSysSet="true" />
  <setting id="228" name="oppo_default_alarm" value="content://media/internal/audio/media/153" package="com.android.providers.media" />
  <setting id="41" name="mtk_rtsp_min_udp_port" value="1024" package="android" defaultValue="1024" defaultSysSet="true" />
  <setting id="108" name="oppo_blank_screen_flashlight_enabled" value="0" package="android" defaultValue="0" defaultSysSet="true" />
  <setting id="111" name="oppo_led_color_for_general_contacts" value="#00b400" package="android" defaultValue="#00b400" defaultSysSet="true" />
  <setting id="83" name="oppo_body_response_dail" value="0" package="android" defaultValue="0" defaultSysSet="true" />
  <setting id="146" name="color_eyeprotect_start_level" value="0.7275339" package="com.color.eyeprotect" defaultValue="0.7275339" defaultSysSet="true" />
  <setting id="62" name="festival_wallpaper_enabled" value="1" package="android" defaultValue="1" defaultSysSet="true" />
  <setting id="68" name="GPRSmode_fisrt" value="0" package="android" defaultValue="0" defaultSysSet="true" />
  <setting id="95684" name="is_feedback_change_by_user" value="0" package="android" defaultValue="0" defaultSysSet="true" />
  <setting id="119" name="oppo_touchpad_ctrl_enabled" value="1" package="android" defaultValue="1" defaultSysSet="true" />
  <setting id="79" name="oppo_breath_led_phone_call" value="0" package="android" defaultValue="0" defaultSysSet="true" />
  <setting id="80" name="oppo_breath_led_phone_talk" value="0" package="android" defaultValue="0" defaultSysSet="true" />
  <setting id="25" name="sound_effects_enabled" value="0" package="android" defaultValue="0" defaultSysSet="true" />
  <setting id="220" name="third_led_lights" value="1" package="com.android.settings" defaultValue="1" defaultSysSet="true" />
  <setting id="99" name="oppo_gesture_to_take_photo_enabled" value="0" package="android" defaultValue="0" defaultSysSet="true" />
  <setting id="11832" name="location_mode_backup" value="1" package="com.android.systemui" defaultValue="1" defaultSysSet="true" />
  <setting id="215" name="QIGAME_PKG" value="" package="com.nearme.themestore" />
  <setting id="34" name="landscape_launcher" value="none" package="android" defaultValue="none" defaultSysSet="true" />
  <setting id="92" name="oppo_smart_apperceive_slient" value="0" package="android" defaultValue="0" defaultSysSet="true" />
  <setting id="162" name="oppo_keyguard_current_mode" value="0" package="com.android.systemui" defaultValue="0" defaultSysSet="true" />
  <setting id="526" name="oppo_cta_auto_update_virus" value="1" package="com.coloros.bootreg" defaultValue="1" defaultSysSet="true" />
  <setting id="141" name="dm_service_enable" value="1" package="android" defaultValue="1" defaultSysSet="true" />
  <setting id="530" name="data_statistics_switch" value="0" package="com.coloros.bootreg" defaultValue="0" defaultSysSet="true" />
  <setting id="231" name="volume_music_usb_headset" value="8" package="android" defaultValue="8" defaultSysSet="true" />
  <setting id="102" name="oppo_gesture_screen_hovering" value="1" package="android" defaultValue="1" defaultSysSet="true" />
  <setting id="143" name="disable_bottom_key_mode" value="0" package="android" defaultValue="0" defaultSysSet="true" />
  <setting id="139" name="oppo_vistor_mode_password" value="" package="android" defaultValue="" defaultSysSet="true" />
  <setting id="97" name="oppo_smart_apperceive_screen_lock" value="0" package="android" defaultValue="0" defaultSysSet="true" />
  <setting id="125" name="tp_ctrl_convenient_page_enabled" value="1" package="android" defaultValue="1" defaultSysSet="true" />
  <setting id="87" name="oppo_disaplay_calculate_data_traffic" value="1" package="android" defaultValue="1" defaultSysSet="true" />
  <setting id="188719" name="screen_brightness" value="9" package="android" defaultValue="9" defaultSysSet="true" />
  <setting id="95680" name="powersave_backup_screenoff_time" value="30000" package="android" defaultValue="30000" defaultSysSet="true" />
  <setting id="165547" name="autobrightness_manul_ambient" value="0.0" package="android" defaultValue="0.0" defaultSysSet="true" />
  <setting id="170533" name="com_android_mms_refresh_threads_time" value="1" package="com.android.mms" />
  <setting id="105" name="oppo_smart_apperceive_screen_capture" value="1" package="android" defaultValue="1" defaultSysSet="true" />
  <setting id="97517" name="haptic_feedback_enabled" value="1" package="android" defaultValue="1" defaultSysSet="true" />
  <setting id="211" name="persist.sys.oppo.theme_uuid" value="8B6BD7A65AE64B5186C184AFF7A7E847" package="com.nearme.themestore" />
  <setting id="130" name="turn_slience_enabled" value="0" package="android" defaultValue="0" defaultSysSet="true" />
  <setting id="98" name="oppo_smart_apperceive_gesture_op" value="0" package="android" defaultValue="0" defaultSysSet="true" />
  <setting id="91" name="oppo_smart_apperceive_notification" value="0" package="android" defaultValue="0" defaultSysSet="true" />
  <setting id="66" name="festival_wallpaper" value="1" package="android" defaultValue="1" defaultSysSet="true" />
</settings>