<?xml version='1.0' encoding='utf-8' standalone='yes' ?>
<services>
    <service uid="10095" type="com.google.android.gm.pop3" />
    <service uid="10136" type="org.kman.AquaMail.yandex" />
    <service uid="10033" type="com.google" />
    <service uid="10141" type="com.google.android.apps.tachyon" />
    <service uid="10136" type="org.kman.AquaMail.internet" />
    <service uid="10095" type="com.google.android.gm.exchange" />
    <service uid="10136" type="org.kman.AquaMail.ews" />
    <service uid="10136" type="org.kman.AquaMail.hotmail" />
    <service uid="10136" type="org.kman.AquaMail.gmail" />
    <service uid="10136" type="org.kman.AquaMail.yahoo" />
    <service uid="10147" type="com.opera.browser.ping" />
    <service uid="10095" type="com.google.android.gm.legacyimap" />
</services>
