<?xml version='1.0' encoding='utf-8' standalone='yes' ?>
<packages>
    <package name="com.coloros.backuprestore" elapsedIdleTime="1681138" screenIdleTime="651720" lastPredictedTime="-11638" appLimitBucket="5" bucketReason="100" activeTimeoutTime="7213876" workingSetTimeoutTime="43413620" />
    <package name="com.android.cts.priv.ctsshim" elapsedIdleTime="-11638" screenIdleTime="-25514" lastPredictedTime="-11638" appLimitBucket="5" bucketReason="100" activeTimeoutTime="7213876" />
    <package name="com.google.android.youtube" elapsedIdleTime="10674314505" screenIdleTime="76703960" lastPredictedTime="-11638" appLimitBucket="5" bucketReason="100" activeTimeoutTime="10677914505" lastJobRunTime="10674211969" />
    <package name="com.google.android.ext.services" elapsedIdleTime="-11638" screenIdleTime="-25514" lastPredictedTime="-11638" appLimitBucket="5" bucketReason="100" activeTimeoutTime="18644431720" />
    <package name="com.coloros.onekeylockscreen" elapsedIdleTime="13879" screenIdleTime="3" lastPredictedTime="-11638" appLimitBucket="5" bucketReason="100" />
    <package name="com.coloros.phonenoareainquire" elapsedIdleTime="-11638" screenIdleTime="-25514" lastPredictedTime="-11638" appLimitBucket="5" bucketReason="100" activeTimeoutTime="7213876" />
    <package name="com.oppo.oppopowermonitor" elapsedIdleTime="-11638" screenIdleTime="-25514" lastPredictedTime="-11638" appLimitBucket="5" bucketReason="100" activeTimeoutTime="18646232970" />
    <package name="com.android.providers.telephony" elapsedIdleTime="-11638" screenIdleTime="-25514" lastPredictedTime="-11638" appLimitBucket="5" bucketReason="100" activeTimeoutTime="18646232970" />
    <package name="com.coloros.wirelesssettings" elapsedIdleTime="18134062061" screenIdleTime="343059925" lastPredictedTime="-11638" appLimitBucket="5" bucketReason="100" activeTimeoutTime="18137662061" />
    <package name="com.google.android.googlequicksearchbox" elapsedIdleTime="18472877173" screenIdleTime="361510058" lastPredictedTime="-11638" appLimitBucket="5" bucketReason="100" activeTimeoutTime="18646232970" lastJobRunTime="18636298527" />
    <package name="com.android.providers.calendar" elapsedIdleTime="66899796" screenIdleTime="1754508" lastPredictedTime="-11638" appLimitBucket="5" bucketReason="100" activeTimeoutTime="18632214606" />
    <package name="com.android.providers.media" elapsedIdleTime="-11638" screenIdleTime="-25514" lastPredictedTime="-11638" appLimitBucket="5" bucketReason="100" activeTimeoutTime="18457970149" lastJobRunTime="18630265413" />
    <package name="com.qti.service.colorservice" elapsedIdleTime="-11638" screenIdleTime="-25514" lastPredictedTime="-11638" appLimitBucket="5" bucketReason="100" activeTimeoutTime="7213876" />
    <package name="com.oppo.locationpicker" elapsedIdleTime="-11638" screenIdleTime="-25514" lastPredictedTime="-11638" appLimitBucket="5" bucketReason="100" activeTimeoutTime="7213876" />
    <package name="com.google.android.onetimeinitializer" elapsedIdleTime="-11638" screenIdleTime="-25514" lastPredictedTime="-11638" appLimitBucket="5" bucketReason="100" activeTimeoutTime="7213876" />
    <package name="com.google.android.ext.shared" elapsedIdleTime="-11638" screenIdleTime="-25514" lastPredictedTime="-11638" appLimitBucket="5" bucketReason="100" activeTimeoutTime="7213876" />
    <package name="com.wifi.rxsenstest" elapsedIdleTime="-11638" screenIdleTime="-25514" lastPredictedTime="-11638" appLimitBucket="5" bucketReason="100" activeTimeoutTime="7213876" />
    <package name="com.qualcomm.qti.modemtestmode" elapsedIdleTime="-11638" screenIdleTime="-25514" lastPredictedTime="-11638" appLimitBucket="5" bucketReason="100" activeTimeoutTime="18646232970" />
    <package name="com.android.wallpapercropper" elapsedIdleTime="-11638" screenIdleTime="-25514" lastPredictedTime="-11638" appLimitBucket="5" bucketReason="100" activeTimeoutTime="7213876" />
    <package name="com.quicinc.cne.CNEService" elapsedIdleTime="-11638" screenIdleTime="-25514" lastPredictedTime="-11638" appLimitBucket="5" bucketReason="100" activeTimeoutTime="18646232971" />
    <package name="com.qualcomm.qti.autoregistration" elapsedIdleTime="-11638" screenIdleTime="-25514" lastPredictedTime="-11638" appLimitBucket="5" bucketReason="100" activeTimeoutTime="7213876" />
    <package name="com.coloros.gamespace" elapsedIdleTime="589067174" screenIdleTime="3822220" lastPredictedTime="-11638" appLimitBucket="5" bucketReason="100" activeTimeoutTime="18646232970" />
    <package name="com.oppoex.afterservice" elapsedIdleTime="-11638" screenIdleTime="-25514" lastPredictedTime="-11638" appLimitBucket="5" bucketReason="100" activeTimeoutTime="12212388044" />
    <package name="com.qualcomm.qti.smcinvokepkgmgr" elapsedIdleTime="-11638" screenIdleTime="-25514" lastPredictedTime="-11638" appLimitBucket="5" bucketReason="100" activeTimeoutTime="7213876" />
    <package name="com.oppo.operationManual" elapsedIdleTime="-11638" screenIdleTime="-25514" lastPredictedTime="-11638" appLimitBucket="5" bucketReason="100" activeTimeoutTime="7213876" />
    <package name="com.android.documentsui" elapsedIdleTime="-11638" screenIdleTime="-25514" lastPredictedTime="-11638" appLimitBucket="5" bucketReason="100" activeTimeoutTime="7213876" />
    <package name="com.coloros.simsettings" elapsedIdleTime="18088081328" screenIdleTime="331892861" lastPredictedTime="-11638" appLimitBucket="5" bucketReason="100" activeTimeoutTime="18640228498" workingSetTimeoutTime="18411663065" />
    <package name="com.oppo.partnerbrowsercustomizations" elapsedIdleTime="-11638" screenIdleTime="-25514" lastPredictedTime="-11638" appLimitBucket="5" bucketReason="100" activeTimeoutTime="17414313974" />
    <package name="com.android.externalstorage" elapsedIdleTime="-11638" screenIdleTime="-25514" lastPredictedTime="-11638" appLimitBucket="5" bucketReason="100" activeTimeoutTime="7213876" />
    <package name="com.qualcomm.uimremoteclient" elapsedIdleTime="-11638" screenIdleTime="-25514" lastPredictedTime="-11638" appLimitBucket="5" bucketReason="100" activeTimeoutTime="7213876" />
    <package name="com.android.htmlviewer" elapsedIdleTime="-11638" screenIdleTime="-25514" lastPredictedTime="-11638" appLimitBucket="5" bucketReason="100" activeTimeoutTime="7213876" />
    <package name="com.coloros.healthcheck" elapsedIdleTime="-11638" screenIdleTime="-25514" lastPredictedTime="-11638" appLimitBucket="5" bucketReason="100" activeTimeoutTime="7213876" />
    <package name="com.qualcomm.qti.uceShimService" elapsedIdleTime="-11638" screenIdleTime="-25514" lastPredictedTime="-11638" appLimitBucket="5" bucketReason="100" activeTimeoutTime="18646232971" />
    <package name="com.android.companiondevicemanager" elapsedIdleTime="-11638" screenIdleTime="-25514" lastPredictedTime="-11638" appLimitBucket="5" bucketReason="100" activeTimeoutTime="7213876" />
    <package name="com.coloros.weather.service" elapsedIdleTime="-11638" screenIdleTime="-25514" lastPredictedTime="-11638" appLimitBucket="5" bucketReason="100" activeTimeoutTime="7213876" lastJobRunTime="18633598537" />
    <package name="com.android.mms.service" elapsedIdleTime="-11638" screenIdleTime="-25514" lastPredictedTime="-11638" appLimitBucket="5" bucketReason="100" activeTimeoutTime="7213876" />
    <package name="com.qualcomm.qti.qms.service.connectionsecurity" elapsedIdleTime="-11638" screenIdleTime="-25514" lastPredictedTime="-11638" appLimitBucket="5" bucketReason="100" activeTimeoutTime="7213876" lastJobRunTime="18628274305" />
    <package name="com.android.providers.downloads" elapsedIdleTime="-11638" screenIdleTime="-25514" lastPredictedTime="-11638" appLimitBucket="5" bucketReason="100" activeTimeoutTime="18578882105" workingSetTimeoutTime="6702221227" lastJobRunTime="18637895761" />
    <package name="com.coloros.providers.downloads.ui" elapsedIdleTime="-11638" screenIdleTime="-25514" lastPredictedTime="-11638" appLimitBucket="5" bucketReason="100" activeTimeoutTime="7213876" />
    <package name="com.coloros.athena" elapsedIdleTime="-11638" screenIdleTime="-25514" lastPredictedTime="-11638" appLimitBucket="5" bucketReason="100" activeTimeoutTime="18643831308" lastJobRunTime="18579145391" />
    <package name="com.coloros.blacklistapp" elapsedIdleTime="-11638" screenIdleTime="-25514" lastPredictedTime="-11638" appLimitBucket="5" bucketReason="100" activeTimeoutTime="7213876" />
    <package name="com.coloros.blacklist" elapsedIdleTime="-11638" screenIdleTime="-25514" lastPredictedTime="-11638" appLimitBucket="5" bucketReason="100" activeTimeoutTime="7213876" />
    <package name="com.qualcomm.qti.callenhancement" elapsedIdleTime="-11638" screenIdleTime="-25514" lastPredictedTime="-11638" appLimitBucket="5" bucketReason="100" activeTimeoutTime="7213876" />
    <package name="org.kman.AquaMail" elapsedIdleTime="13879" screenIdleTime="3" lastPredictedTime="-11638" appLimitBucket="40" bucketReason="200" activeTimeoutTime="2350647" lastJobRunTime="1757844" />
    <package name="com.mediatek.omacp" elapsedIdleTime="-11638" screenIdleTime="-25514" lastPredictedTime="-11638" appLimitBucket="5" bucketReason="100" activeTimeoutTime="7213876" />
    <package name="com.qualcomm.qti.telephonyservice" elapsedIdleTime="-11638" screenIdleTime="-25514" lastPredictedTime="-11638" appLimitBucket="5" bucketReason="100" activeTimeoutTime="18646232971" />
    <package name="com.android.providers.applications" elapsedIdleTime="-11638" screenIdleTime="-25514" lastPredictedTime="-11638" appLimitBucket="5" bucketReason="100" activeTimeoutTime="17762466773" />
    <package name="com.qualcomm.qti.auth.fidocryptoservice" elapsedIdleTime="-11638" screenIdleTime="-25514" lastPredictedTime="-11638" appLimitBucket="5" bucketReason="100" activeTimeoutTime="7213876" />
    <package name="com.google.android.configupdater" elapsedIdleTime="-11638" screenIdleTime="-25514" lastPredictedTime="-11638" appLimitBucket="5" bucketReason="100" activeTimeoutTime="6659649543" lastJobRunTime="18578298182" />
    <package name="com.qualcomm.qti.optinoverlay" elapsedIdleTime="-11638" screenIdleTime="-25514" lastPredictedTime="-11638" appLimitBucket="5" bucketReason="100" activeTimeoutTime="7213876" />
    <package name="com.coloros.wifibackuprestore" elapsedIdleTime="-11638" screenIdleTime="-25514" lastPredictedTime="-11638" appLimitBucket="5" bucketReason="100" activeTimeoutTime="7213876" />
    <package name="com.qualcomm.uimremoteserver" elapsedIdleTime="-11638" screenIdleTime="-25514" lastPredictedTime="-11638" appLimitBucket="5" bucketReason="100" activeTimeoutTime="7213876" />
    <package name="com.android.defcontainer" elapsedIdleTime="-11638" screenIdleTime="-25514" lastPredictedTime="-11638" appLimitBucket="5" bucketReason="100" activeTimeoutTime="17412885977" />
    <package name="com.qti.confuridialer" elapsedIdleTime="-11638" screenIdleTime="-25514" lastPredictedTime="-11638" appLimitBucket="5" bucketReason="100" activeTimeoutTime="7213876" />
    <package name="com.google.ar.core" elapsedIdleTime="-11638" screenIdleTime="-25514" lastPredictedTime="-11638" appLimitBucket="5" bucketReason="100" activeTimeoutTime="7213876" />
    <package name="com.google.ar.lens" elapsedIdleTime="13879" screenIdleTime="3" lastPredictedTime="-11638" appLimitBucket="50" bucketReason="100" />
    <package name="org.zwanoo.android.speedtest" elapsedIdleTime="12558124984" screenIdleTime="117416518" lastPredictedTime="66231" appLimitBucket="40" bucketReason="200" activeTimeoutTime="12561724984" lastJobRunTime="15858597" />
    <package name="com.android.vending" elapsedIdleTime="16635360581" screenIdleTime="277630623" lastPredictedTime="-11638" appLimitBucket="5" bucketReason="100" activeTimeoutTime="18643831329" workingSetTimeoutTime="10717447269" lastJobRunTime="18633332830" />
    <package name="com.android.pacprocessor" elapsedIdleTime="-11638" screenIdleTime="-25514" lastPredictedTime="-11638" appLimitBucket="5" bucketReason="100" activeTimeoutTime="7213876" />
    <package name="com.android.simappdialog" elapsedIdleTime="-11638" screenIdleTime="-25514" lastPredictedTime="-11638" appLimitBucket="5" bucketReason="100" activeTimeoutTime="7213876" />
    <package name="com.coloros.oshare" elapsedIdleTime="-11638" screenIdleTime="-25514" lastPredictedTime="-11638" appLimitBucket="5" bucketReason="100" activeTimeoutTime="18521181730" />
    <package name="com.dolby.daxservice" elapsedIdleTime="-11638" screenIdleTime="-25514" lastPredictedTime="-11638" appLimitBucket="5" bucketReason="100" activeTimeoutTime="18646232970" />
    <package name="com.android.settings.overlay.cmcc" elapsedIdleTime="-11638" screenIdleTime="-25514" lastPredictedTime="-11638" appLimitBucket="5" bucketReason="100" activeTimeoutTime="7213876" />
    <package name="com.coloros.gesture" elapsedIdleTime="-11638" screenIdleTime="-25514" lastPredictedTime="-11638" appLimitBucket="5" bucketReason="100" activeTimeoutTime="18578796556" />
    <package name="android.overlay.common" elapsedIdleTime="-11638" screenIdleTime="-25514" lastPredictedTime="-11638" appLimitBucket="5" bucketReason="100" activeTimeoutTime="7213876" />
    <package name="com.android.certinstaller" elapsedIdleTime="-11638" screenIdleTime="-25514" lastPredictedTime="-11638" appLimitBucket="5" bucketReason="100" activeTimeoutTime="7213876" />
    <package name="com.android.carrierconfig" elapsedIdleTime="-11638" screenIdleTime="-25514" lastPredictedTime="-11638" appLimitBucket="5" bucketReason="100" activeTimeoutTime="12557676584" />
    <package name="com.google.android.marvin.talkback" elapsedIdleTime="-11638" screenIdleTime="-25514" lastPredictedTime="-11638" appLimitBucket="5" bucketReason="100" activeTimeoutTime="7213876" />
    <package name="org.codeaurora.bluetooth" elapsedIdleTime="-11638" screenIdleTime="-25514" lastPredictedTime="-11638" appLimitBucket="5" bucketReason="100" activeTimeoutTime="4918874502" />
    <package name="com.wapi.wapicertmanage" elapsedIdleTime="-11638" screenIdleTime="-25514" lastPredictedTime="-11638" appLimitBucket="5" bucketReason="100" activeTimeoutTime="7213876" />
    <package name="com.android.mms.overlay.cmcc" elapsedIdleTime="-11638" screenIdleTime="-25514" lastPredictedTime="-11638" appLimitBucket="5" bucketReason="100" activeTimeoutTime="7213876" />
    <package name="com.qti.qualcomm.datastatusnotification" elapsedIdleTime="-11638" screenIdleTime="-25514" lastPredictedTime="-11638" appLimitBucket="5" bucketReason="100" activeTimeoutTime="18646232970" />
    <package name="com.oppo.smartvolume" elapsedIdleTime="-11638" screenIdleTime="-25514" lastPredictedTime="-11638" appLimitBucket="5" bucketReason="100" activeTimeoutTime="18646232970" />
    <package name="com.coloros.bootreg" elapsedIdleTime="193226" screenIdleTime="115911" lastPredictedTime="-11638" appLimitBucket="5" bucketReason="100" activeTimeoutTime="7213876" />
    <package name="android" elapsedIdleTime="1973452909" screenIdleTime="5603898" lastPredictedTime="-11638" appLimitBucket="5" bucketReason="100" activeTimeoutTime="18457957830" lastJobRunTime="18639089097" />
    <package name="com.coloros.screenrecorder" elapsedIdleTime="-11638" screenIdleTime="-25514" lastPredictedTime="-11638" appLimitBucket="5" bucketReason="100" activeTimeoutTime="7213876" />
    <package name="com.android.contacts" elapsedIdleTime="16659729096" screenIdleTime="280879703" lastPredictedTime="-11638" appLimitBucket="5" bucketReason="100" activeTimeoutTime="18643831330" lastJobRunTime="18594508766" />
    <package name="com.qualcomm.qti.callfeaturessetting" elapsedIdleTime="-11638" screenIdleTime="-25514" lastPredictedTime="-11638" appLimitBucket="5" bucketReason="100" activeTimeoutTime="7213876" />
    <package name="com.qualcomm.wfd.service" elapsedIdleTime="-11638" screenIdleTime="-25514" lastPredictedTime="-11638" appLimitBucket="5" bucketReason="100" activeTimeoutTime="7213876" />
    <package name="android.ui.overlay.ct" elapsedIdleTime="-11638" screenIdleTime="-25514" lastPredictedTime="-11638" appLimitBucket="5" bucketReason="100" activeTimeoutTime="7213876" />
    <package name="com.qti.qualcomm.deviceinfo" elapsedIdleTime="-11638" screenIdleTime="-25514" lastPredictedTime="-11638" appLimitBucket="5" bucketReason="100" activeTimeoutTime="7213876" />
    <package name="com.ted.number" elapsedIdleTime="-11638" screenIdleTime="-25514" lastPredictedTime="-11638" appLimitBucket="5" bucketReason="100" activeTimeoutTime="7213876" />
    <package name="com.coloros.oppoguardelf" elapsedIdleTime="-11638" screenIdleTime="-25514" lastPredictedTime="-11638" appLimitBucket="5" bucketReason="100" activeTimeoutTime="18646232955" />
    <package name="com.android.mms" elapsedIdleTime="17417785246" screenIdleTime="302974789" lastPredictedTime="-11638" appLimitBucket="5" bucketReason="100" activeTimeoutTime="17421385246" />
    <package name="com.android.mtp" elapsedIdleTime="-11638" screenIdleTime="-25514" lastPredictedTime="-11638" appLimitBucket="5" bucketReason="100" activeTimeoutTime="7213876" />
    <package name="com.android.nfc" elapsedIdleTime="-11638" screenIdleTime="-25514" lastPredictedTime="-11638" appLimitBucket="5" bucketReason="100" activeTimeoutTime="18646232970" />
    <package name="com.android.stk" elapsedIdleTime="14316130775" screenIdleTime="214198875" lastPredictedTime="-11638" appLimitBucket="5" bucketReason="100" activeTimeoutTime="18646232970" />
    <package name="com.oppo.wifiage" elapsedIdleTime="-11638" screenIdleTime="-25514" lastPredictedTime="-11638" appLimitBucket="5" bucketReason="100" activeTimeoutTime="7213876" />
    <package name="com.android.backupconfirm" elapsedIdleTime="-11638" screenIdleTime="-25514" lastPredictedTime="-11638" appLimitBucket="5" bucketReason="100" activeTimeoutTime="7213876" />
    <package name="com.dropboxchmod" elapsedIdleTime="-11638" screenIdleTime="-25514" lastPredictedTime="-11638" appLimitBucket="5" bucketReason="100" activeTimeoutTime="7213876" />
    <package name="com.coloros.assistantscreen" elapsedIdleTime="-11638" screenIdleTime="-25514" lastPredictedTime="-11638" appLimitBucket="5" bucketReason="100" activeTimeoutTime="18457962164" />
    <package name="com.android.dlna.service" elapsedIdleTime="-11638" screenIdleTime="-25514" lastPredictedTime="-11638" appLimitBucket="5" bucketReason="100" activeTimeoutTime="7213876" />
    <package name="com.coloros.activation" elapsedIdleTime="-11638" screenIdleTime="-25514" lastPredictedTime="-11638" appLimitBucket="5" bucketReason="100" activeTimeoutTime="7213876" lastJobRunTime="18544666549" />
    <package name="org.codeaurora.ims" elapsedIdleTime="-11638" screenIdleTime="-25514" lastPredictedTime="-11638" appLimitBucket="5" bucketReason="100" activeTimeoutTime="18646232971" />
    <package name="com.android.statementservice" elapsedIdleTime="-11638" screenIdleTime="-25514" lastPredictedTime="-11638" appLimitBucket="5" bucketReason="100" activeTimeoutTime="7213876" />
    <package name="com.google.android.gm" elapsedIdleTime="12472844991" screenIdleTime="111207579" lastPredictedTime="-11638" appLimitBucket="5" bucketReason="100" activeTimeoutTime="18633932975" workingSetTimeoutTime="3248237659" lastJobRunTime="18615340688" />
    <package name="android.overlay.target" elapsedIdleTime="-11638" screenIdleTime="-25514" lastPredictedTime="-11638" appLimitBucket="5" bucketReason="100" activeTimeoutTime="7213876" />
    <package name="android.autoinstalls.config.oppo" elapsedIdleTime="-11638" screenIdleTime="-25514" lastPredictedTime="-11638" appLimitBucket="5" bucketReason="100" activeTimeoutTime="7213876" />
    <package name="com.google.android.apps.tachyon" elapsedIdleTime="13879" screenIdleTime="3" lastPredictedTime="-11638" appLimitBucket="40" bucketReason="200" activeTimeoutTime="18473469962" lastJobRunTime="18628274306" />
    <package name="com.oppo.decrypt" elapsedIdleTime="77254791" screenIdleTime="2763346" lastPredictedTime="-11638" appLimitBucket="5" bucketReason="100" activeTimeoutTime="80854791" />
    <package name="com.android.settings.intelligence" elapsedIdleTime="-11638" screenIdleTime="-25514" lastPredictedTime="-11638" appLimitBucket="5" bucketReason="100" activeTimeoutTime="7213876" />
    <package name="com.android.systemui.theme.dark" elapsedIdleTime="-11638" screenIdleTime="-25514" lastPredictedTime="-11638" appLimitBucket="5" bucketReason="100" activeTimeoutTime="7213876" />
    <package name="com.qualcomm.qti.dynamicddsservice" elapsedIdleTime="-11638" screenIdleTime="-25514" lastPredictedTime="-11638" appLimitBucket="5" bucketReason="100" activeTimeoutTime="7213876" />
    <package name="com.google.android.setupwizard" elapsedIdleTime="193653" screenIdleTime="116338" lastPredictedTime="-11638" appLimitBucket="5" bucketReason="100" activeTimeoutTime="7213876" />
    <package name="com.qualcomm.qcrilmsgtunnel" elapsedIdleTime="-11638" screenIdleTime="-25514" lastPredictedTime="-11638" appLimitBucket="5" bucketReason="100" activeTimeoutTime="18646232953" />
    <package name="com.android.providers.settings" elapsedIdleTime="-11638" screenIdleTime="-25514" lastPredictedTime="-11638" appLimitBucket="5" bucketReason="100" activeTimeoutTime="1974052905" />
    <package name="com.android.sharedstoragebackup" elapsedIdleTime="-11638" screenIdleTime="-25514" lastPredictedTime="-11638" appLimitBucket="5" bucketReason="100" activeTimeoutTime="7213876" />
    <package name="com.facebook.services" elapsedIdleTime="-11638" screenIdleTime="-25514" lastPredictedTime="-11638" appLimitBucket="5" bucketReason="100" activeTimeoutTime="7213876" />
    <package name="com.google.android.music" elapsedIdleTime="13879" screenIdleTime="3" lastPredictedTime="-11638" appLimitBucket="5" bucketReason="100" lastJobRunTime="18630566848" />
    <package name="com.android.printspooler" elapsedIdleTime="-11638" screenIdleTime="-25514" lastPredictedTime="-11638" appLimitBucket="5" bucketReason="100" activeTimeoutTime="18457962167" />
    <package name="com.coloros.notificationmanager" elapsedIdleTime="-11638" screenIdleTime="-25514" lastPredictedTime="-11638" appLimitBucket="5" bucketReason="100" activeTimeoutTime="18643831308" />
    <package name="com.android.incallui" elapsedIdleTime="-11638" screenIdleTime="-25514" lastPredictedTime="-11638" appLimitBucket="5" bucketReason="100" activeTimeoutTime="18643831330" />
    <package name="com.nearme.themestore" elapsedIdleTime="-11638" screenIdleTime="-25514" lastPredictedTime="-11638" appLimitBucket="5" bucketReason="100" activeTimeoutTime="7213876" />
    <package name="com.oppo.fingerprints.fingerprintsensortest" elapsedIdleTime="-11638" screenIdleTime="-25514" lastPredictedTime="-11638" appLimitBucket="5" bucketReason="100" activeTimeoutTime="7213876" />
    <package name="com.oppo.multimedia.dolby" elapsedIdleTime="-11638" screenIdleTime="-25514" lastPredictedTime="-11638" appLimitBucket="5" bucketReason="100" activeTimeoutTime="18646232970" />
    <package name="com.android.se" elapsedIdleTime="-11638" screenIdleTime="-25514" lastPredictedTime="-11638" appLimitBucket="5" bucketReason="100" activeTimeoutTime="18646232970" />
    <package name="com.android.inputdevices" elapsedIdleTime="-11638" screenIdleTime="-25514" lastPredictedTime="-11638" appLimitBucket="5" bucketReason="100" activeTimeoutTime="7213876" />
    <package name="com.coloros.smartdrive" elapsedIdleTime="-11638" screenIdleTime="-25514" lastPredictedTime="-11638" appLimitBucket="5" bucketReason="100" activeTimeoutTime="18578801802" />
    <package name="com.android.bips" elapsedIdleTime="-11638" screenIdleTime="-25514" lastPredictedTime="-11638" appLimitBucket="5" bucketReason="100" activeTimeoutTime="7213876" />
    <package name="com.qti.dpmserviceapp" elapsedIdleTime="-11638" screenIdleTime="-25514" lastPredictedTime="-11638" appLimitBucket="5" bucketReason="100" activeTimeoutTime="18646232971" />
    <package name="com.daemon.shelper" elapsedIdleTime="-11638" screenIdleTime="-25514" lastPredictedTime="-11638" appLimitBucket="5" bucketReason="100" activeTimeoutTime="7213876" />
    <package name="com.qti.xdivert" elapsedIdleTime="-11638" screenIdleTime="-25514" lastPredictedTime="-11638" appLimitBucket="5" bucketReason="100" activeTimeoutTime="18646232971" />
    <package name="oppo" elapsedIdleTime="-11638" screenIdleTime="-25514" lastPredictedTime="-11638" appLimitBucket="5" bucketReason="100" activeTimeoutTime="7213876" />
    <package name="com.coloros.backuprestore.remoteservice" elapsedIdleTime="-11638" screenIdleTime="-25514" lastPredictedTime="-11638" appLimitBucket="5" bucketReason="100" activeTimeoutTime="7213876" />
    <package name="com.oppo.launcher" elapsedIdleTime="18628136302" screenIdleTime="373515054" lastPredictedTime="-11638" appLimitBucket="5" bucketReason="100" activeTimeoutTime="18643831308" />
    <package name="com.android.systemui.overlay.cmcc" elapsedIdleTime="-11638" screenIdleTime="-25514" lastPredictedTime="-11638" appLimitBucket="5" bucketReason="100" activeTimeoutTime="7213876" />
    <package name="com.oppo.nw" elapsedIdleTime="-11638" screenIdleTime="-25514" lastPredictedTime="-11638" appLimitBucket="5" bucketReason="100" activeTimeoutTime="7213876" />
    <package name="com.google.android.apps.docs" elapsedIdleTime="13879" screenIdleTime="3" lastPredictedTime="-11638" appLimitBucket="5" bucketReason="100" lastJobRunTime="1622505451" />
    <package name="com.google.android.apps.maps" elapsedIdleTime="1623071329" screenIdleTime="5583531" lastPredictedTime="-11638" appLimitBucket="5" bucketReason="100" activeTimeoutTime="1626671329" lastJobRunTime="18602585760" />
    <package name="com.oppo.mimosiso" elapsedIdleTime="-11638" screenIdleTime="-25514" lastPredictedTime="-11638" appLimitBucket="5" bucketReason="100" activeTimeoutTime="7213876" />
    <package name="com.android.cellbroadcastreceiver" elapsedIdleTime="-11638" screenIdleTime="-25514" lastPredictedTime="-11638" appLimitBucket="5" bucketReason="100" activeTimeoutTime="7213876" />
    <package name="com.google.android.webview" elapsedIdleTime="-11638" screenIdleTime="-25514" lastPredictedTime="-11638" appLimitBucket="5" bucketReason="100" activeTimeoutTime="7213876" />
    <package name="com.coloros.recents" elapsedIdleTime="18628138654" screenIdleTime="373517406" lastPredictedTime="-11638" appLimitBucket="5" bucketReason="301" activeTimeoutTime="18646834599" />
    <package name="android.telephony.overlay.cmcc" elapsedIdleTime="-11638" screenIdleTime="-25514" lastPredictedTime="-11638" appLimitBucket="5" bucketReason="100" activeTimeoutTime="7213876" />
    <package name="com.coloros.wallpapers" elapsedIdleTime="-11638" screenIdleTime="-25514" lastPredictedTime="-11638" appLimitBucket="5" bucketReason="100" activeTimeoutTime="7213876" />
    <package name="com.coloros.mcs" elapsedIdleTime="-11638" screenIdleTime="-25514" lastPredictedTime="-11638" appLimitBucket="5" bucketReason="100" activeTimeoutTime="18643831330" lastJobRunTime="18615171895" />
    <package name="com.coloros.sau" elapsedIdleTime="-11638" screenIdleTime="-25514" lastPredictedTime="-11638" appLimitBucket="5" bucketReason="301" activeTimeoutTime="18646834599" lastJobRunTime="18631713294" />
    <package name="com.opera.browser" elapsedIdleTime="13879" screenIdleTime="3" lastPredictedTime="-11638" appLimitBucket="50" bucketReason="100" />
    <package name="com.coloros.weather2" elapsedIdleTime="-11638" screenIdleTime="-25514" lastPredictedTime="-11638" appLimitBucket="5" bucketReason="100" activeTimeoutTime="7213876" />
    <package name="com.coloros.encryption" elapsedIdleTime="-11638" screenIdleTime="-25514" lastPredictedTime="-11638" appLimitBucket="5" bucketReason="100" activeTimeoutTime="7213876" />
    <package name="com.android.server.telecom" elapsedIdleTime="11258840156" screenIdleTime="85836309" lastPredictedTime="-11638" appLimitBucket="5" bucketReason="100" activeTimeoutTime="11262440156" />
    <package name="com.google.android.syncadapters.contacts" elapsedIdleTime="-11638" screenIdleTime="-25514" lastPredictedTime="-11638" appLimitBucket="5" bucketReason="100" activeTimeoutTime="7265032445" lastJobRunTime="18633332924" />
    <package name="com.color.uiengine" elapsedIdleTime="-11638" screenIdleTime="-25514" lastPredictedTime="-11638" appLimitBucket="5" bucketReason="100" activeTimeoutTime="7213876" />
    <package name="com.android.keychain" elapsedIdleTime="-11638" screenIdleTime="-25514" lastPredictedTime="-11638" appLimitBucket="5" bucketReason="100" activeTimeoutTime="18578801386" />
    <package name="com.qti.snapdragon.qdcm_ff" elapsedIdleTime="-11638" screenIdleTime="-25514" lastPredictedTime="-11638" appLimitBucket="5" bucketReason="100" activeTimeoutTime="7213876" />
    <package name="com.android.chrome" elapsedIdleTime="17413725093" screenIdleTime="299967862" lastPredictedTime="-11638" appLimitBucket="5" bucketReason="100" activeTimeoutTime="17417325093" lastJobRunTime="18457531610" />
    <package name="com.coloros.compass2" elapsedIdleTime="-11638" screenIdleTime="-25514" lastPredictedTime="-11638" appLimitBucket="5" bucketReason="100" activeTimeoutTime="7213876" />
    <package name="com.coloros.usbselection" elapsedIdleTime="18520584023" screenIdleTime="362057887" lastPredictedTime="-11638" appLimitBucket="5" bucketReason="100" activeTimeoutTime="18524184023" workingSetTimeoutTime="18574475084" />
    <package name="com.google.android.packageinstaller" elapsedIdleTime="13677763207" screenIdleTime="160873449" lastPredictedTime="-11638" appLimitBucket="5" bucketReason="100" activeTimeoutTime="13681363207" />
    <package name="com.nearme.statistics.rom" elapsedIdleTime="-11638" screenIdleTime="-25514" lastPredictedTime="-11638" appLimitBucket="5" bucketReason="100" activeTimeoutTime="7213876" lastJobRunTime="18642757356" />
    <package name="com.google.android.gms" elapsedIdleTime="10674213428" screenIdleTime="76602883" lastPredictedTime="-11638" appLimitBucket="5" bucketReason="100" activeTimeoutTime="18645545206" workingSetTimeoutTime="8684957459" lastJobRunTime="18633332930" />
    <package name="com.google.android.gsf" elapsedIdleTime="-11638" screenIdleTime="-25514" lastPredictedTime="-11638" appLimitBucket="5" bucketReason="100" activeTimeoutTime="18642805443" />
    <package name="com.google.android.tag" elapsedIdleTime="-11638" screenIdleTime="-25514" lastPredictedTime="-11638" appLimitBucket="5" bucketReason="100" activeTimeoutTime="7213876" />
    <package name="com.google.android.tts" elapsedIdleTime="-11638" screenIdleTime="-25514" lastPredictedTime="-11638" appLimitBucket="5" bucketReason="100" activeTimeoutTime="18633258899" />
    <package name="com.android.phone.overlay.common" elapsedIdleTime="-11638" screenIdleTime="-25514" lastPredictedTime="-11638" appLimitBucket="5" bucketReason="100" activeTimeoutTime="7213876" />
    <package name="com.qualcomm.qti.qtisystemservice" elapsedIdleTime="-11638" screenIdleTime="-25514" lastPredictedTime="-11638" appLimitBucket="5" bucketReason="100" activeTimeoutTime="1974052905" />
    <package name="com.coloros.colorfilestand" elapsedIdleTime="-11638" screenIdleTime="-25514" lastPredictedTime="-11638" appLimitBucket="5" bucketReason="100" activeTimeoutTime="7213876" />
    <package name="com.android.carrierconfig.overlay.common" elapsedIdleTime="-11638" screenIdleTime="-25514" lastPredictedTime="-11638" appLimitBucket="5" bucketReason="100" activeTimeoutTime="7213876" />
    <package name="com.android.calllogbackup" elapsedIdleTime="-11638" screenIdleTime="-25514" lastPredictedTime="-11638" appLimitBucket="5" bucketReason="100" activeTimeoutTime="7213876" />
    <package name="com.google.android.partnersetup" elapsedIdleTime="-11638" screenIdleTime="-25514" lastPredictedTime="-11638" appLimitBucket="5" bucketReason="100" activeTimeoutTime="18473470020" lastJobRunTime="18644005484" />
    <package name="com.android.systemui.overlay.common" elapsedIdleTime="-11638" screenIdleTime="-25514" lastPredictedTime="-11638" appLimitBucket="5" bucketReason="100" activeTimeoutTime="7213876" />
    <package name="com.android.server.telecom.overlay.common" elapsedIdleTime="-11638" screenIdleTime="-25514" lastPredictedTime="-11638" appLimitBucket="5" bucketReason="100" activeTimeoutTime="7213876" />
    <package name="com.google.android.videos" elapsedIdleTime="13879" screenIdleTime="3" lastPredictedTime="-11638" appLimitBucket="5" bucketReason="100" />
    <package name="com.oppo.resmonitor" elapsedIdleTime="-11638" screenIdleTime="-25514" lastPredictedTime="-11638" appLimitBucket="5" bucketReason="100" activeTimeoutTime="18646232970" />
    <package name="com.oppo.selfstickservice" elapsedIdleTime="-11638" screenIdleTime="-25514" lastPredictedTime="-11638" appLimitBucket="5" bucketReason="100" activeTimeoutTime="18646232970" />
    <package name="com.coloros.pictorial" elapsedIdleTime="-11638" screenIdleTime="-25514" lastPredictedTime="-11638" appLimitBucket="5" bucketReason="100" activeTimeoutTime="7213876" />
    <package name="com.android.carrierdefaultapp" elapsedIdleTime="-11638" screenIdleTime="-25514" lastPredictedTime="-11638" appLimitBucket="5" bucketReason="100" activeTimeoutTime="7213876" />
    <package name="com.dsi.ant.server" elapsedIdleTime="-11638" screenIdleTime="-25514" lastPredictedTime="-11638" appLimitBucket="5" bucketReason="100" activeTimeoutTime="1974052905" />
    <package name="com.qualcomm.qti.remoteSimlockAuth" elapsedIdleTime="-11638" screenIdleTime="-25514" lastPredictedTime="-11638" appLimitBucket="5" bucketReason="100" activeTimeoutTime="7213876" />
    <package name="com.android.proxyhandler" elapsedIdleTime="-11638" screenIdleTime="-25514" lastPredictedTime="-11638" appLimitBucket="5" bucketReason="100" activeTimeoutTime="7213876" />
    <package name="com.coloros.widget.smallweather" elapsedIdleTime="-11638" screenIdleTime="-25514" lastPredictedTime="-11638" appLimitBucket="5" bucketReason="100" activeTimeoutTime="7213876" />
    <package name="com.coloros.flashlight" elapsedIdleTime="-11638" screenIdleTime="-25514" lastPredictedTime="-11638" appLimitBucket="5" bucketReason="100" activeTimeoutTime="7213876" />
    <package name="com.qualcomm.qti.workloadclassifier" elapsedIdleTime="-11638" screenIdleTime="-25514" lastPredictedTime="-11638" appLimitBucket="5" bucketReason="100" activeTimeoutTime="7213876" />
    <package name="com.coloros.sceneservice" elapsedIdleTime="15328848915" screenIdleTime="231573679" lastPredictedTime="-11638" appLimitBucket="5" bucketReason="100" activeTimeoutTime="15332448915" />
    <package name="com.coloros.calculator" elapsedIdleTime="8665310179" screenIdleTime="58271198" lastPredictedTime="-11638" appLimitBucket="5" bucketReason="100" activeTimeoutTime="8668910179" />
    <package name="com.google.android.feedback" elapsedIdleTime="-11638" screenIdleTime="-25514" lastPredictedTime="-11638" appLimitBucket="5" bucketReason="100" activeTimeoutTime="7213876" />
    <package name="com.google.android.printservice.recommendation" elapsedIdleTime="-11638" screenIdleTime="-25514" lastPredictedTime="-11638" appLimitBucket="5" bucketReason="100" activeTimeoutTime="7213876" />
    <package name="com.google.android.apps.photos" elapsedIdleTime="12472836686" screenIdleTime="111199274" lastPredictedTime="-11638" appLimitBucket="5" bucketReason="100" activeTimeoutTime="12476436686" lastJobRunTime="18637905979" />
    <package name="com.google.android.calendar" elapsedIdleTime="-11638" screenIdleTime="-25514" lastPredictedTime="-11638" appLimitBucket="5" bucketReason="100" activeTimeoutTime="18632312053" lastJobRunTime="1622505490" />
    <package name="com.android.managedprovisioning" elapsedIdleTime="-11638" screenIdleTime="-25514" lastPredictedTime="-11638" appLimitBucket="5" bucketReason="100" activeTimeoutTime="7213876" />
    <package name="com.oppo.aod" elapsedIdleTime="-11638" screenIdleTime="-25514" lastPredictedTime="-11638" appLimitBucket="5" bucketReason="100" activeTimeoutTime="7213876" />
    <package name="com.oppo.ota" elapsedIdleTime="18133909333" screenIdleTime="342907197" lastPredictedTime="-11638" appLimitBucket="5" bucketReason="100" activeTimeoutTime="18137509333" workingSetTimeoutTime="18673580515" />
    <package name="com.oppo.sos" elapsedIdleTime="-11638" screenIdleTime="-25514" lastPredictedTime="-11638" appLimitBucket="5" bucketReason="100" activeTimeoutTime="7213876" />
    <package name="com.oppo.camera" elapsedIdleTime="11264025897" screenIdleTime="87412275" lastPredictedTime="-11638" appLimitBucket="5" bucketReason="100" activeTimeoutTime="11267625897" />
    <package name="com.tencent.soter.soterserver" elapsedIdleTime="-11638" screenIdleTime="-25514" lastPredictedTime="-11638" appLimitBucket="5" bucketReason="100" activeTimeoutTime="7213876" />
    <package name="com.coloros.oppopods" elapsedIdleTime="13879" screenIdleTime="3" lastPredictedTime="-11638" appLimitBucket="5" bucketReason="100" />
    <package name="com.facebook.katana" elapsedIdleTime="1210870957" screenIdleTime="5077514" lastPredictedTime="-11638" appLimitBucket="5" bucketReason="100" activeTimeoutTime="1214470957" />
    <package name="com.coloros.alarmclock" elapsedIdleTime="17413709418" screenIdleTime="299952187" lastPredictedTime="-11638" appLimitBucket="5" bucketReason="100" activeTimeoutTime="17417309418" />
    <package name="com.android.providers.partnerbookmarks" elapsedIdleTime="-11638" screenIdleTime="-25514" lastPredictedTime="-11638" appLimitBucket="5" bucketReason="100" activeTimeoutTime="7213876" />
    <package name="com.android.smspush" elapsedIdleTime="-11638" screenIdleTime="-25514" lastPredictedTime="-11638" appLimitBucket="5" bucketReason="100" activeTimeoutTime="18643831330" />
    <package name="com.android.networksettings.overlay.ct" elapsedIdleTime="-11638" screenIdleTime="-25514" lastPredictedTime="-11638" appLimitBucket="5" bucketReason="100" activeTimeoutTime="7213876" />
    <package name="com.android.wallpaper.livepicker" elapsedIdleTime="12211567036" screenIdleTime="94610530" lastPredictedTime="-11638" appLimitBucket="5" bucketReason="100" activeTimeoutTime="12219146471" />
    <package name="com.oppo.logkit" elapsedIdleTime="18615463491" screenIdleTime="373196778" lastPredictedTime="-11638" appLimitBucket="5" bucketReason="301" activeTimeoutTime="18646834599" workingSetTimeoutTime="18131321464" />
    <package name="com.coloros.phonemanager" elapsedIdleTime="17335923367" screenIdleTime="295349337" lastPredictedTime="-11638" appLimitBucket="5" bucketReason="100" activeTimeoutTime="17339523367" workingSetTimeoutTime="18658304362" lastJobRunTime="18603448694" />
    <package name="com.coloros.securepay" elapsedIdleTime="-11638" screenIdleTime="-25514" lastPredictedTime="-11638" appLimitBucket="5" bucketReason="100" activeTimeoutTime="7213876" />
    <package name="com.facebook.system" elapsedIdleTime="-11638" screenIdleTime="-25514" lastPredictedTime="-11638" appLimitBucket="5" bucketReason="100" activeTimeoutTime="7213876" />
    <package name="com.coloros.sauhelper" elapsedIdleTime="-11638" screenIdleTime="-25514" lastPredictedTime="-11638" appLimitBucket="5" bucketReason="100" activeTimeoutTime="7213876" />
    <package name="com.google.android.gms.policy_sidecar_aps" elapsedIdleTime="-11638" screenIdleTime="-25514" lastPredictedTime="-11638" appLimitBucket="5" bucketReason="100" activeTimeoutTime="7213876" />
    <package name="com.oppo.engineermode.network" elapsedIdleTime="-11638" screenIdleTime="-25514" lastPredictedTime="-11638" appLimitBucket="5" bucketReason="100" activeTimeoutTime="7213876" />
    <package name="com.coloros.safecenter" elapsedIdleTime="11260487737" screenIdleTime="86191355" lastPredictedTime="-11638" appLimitBucket="5" bucketReason="100" activeTimeoutTime="18646232970" />
    <package name="com.google.android.backuptransport" elapsedIdleTime="-11638" screenIdleTime="-25514" lastPredictedTime="-11638" appLimitBucket="5" bucketReason="100" activeTimeoutTime="7213876" />
    <package name="com.android.storagemanager" elapsedIdleTime="-11638" screenIdleTime="-25514" lastPredictedTime="-11638" appLimitBucket="5" bucketReason="100" activeTimeoutTime="7213876" />
    <package name="com.oppo.qualityprotect" elapsedIdleTime="-11638" screenIdleTime="-25514" lastPredictedTime="-11638" appLimitBucket="5" bucketReason="100" activeTimeoutTime="7213876" />
    <package name="com.oppo.oppoportaldetect" elapsedIdleTime="-11638" screenIdleTime="-25514" lastPredictedTime="-11638" appLimitBucket="5" bucketReason="100" activeTimeoutTime="7213876" />
    <package name="com.android.bookmarkprovider" elapsedIdleTime="-11638" screenIdleTime="-25514" lastPredictedTime="-11638" appLimitBucket="5" bucketReason="100" activeTimeoutTime="7213876" />
    <package name="com.android.settings" elapsedIdleTime="18633635436" screenIdleTime="376477929" lastPredictedTime="-11638" appLimitBucket="5" bucketReason="100" activeTimeoutTime="18637235436" />
    <package name="com.qualcomm.qti.ims" elapsedIdleTime="-11638" screenIdleTime="-25514" lastPredictedTime="-11638" appLimitBucket="5" bucketReason="100" activeTimeoutTime="7213876" />
    <package name="com.qualcomm.qti.lpa" elapsedIdleTime="-11638" screenIdleTime="-25514" lastPredictedTime="-11638" appLimitBucket="5" bucketReason="100" activeTimeoutTime="7213876" />
    <package name="com.qualcomm.qti.uim" elapsedIdleTime="-11638" screenIdleTime="-25514" lastPredictedTime="-11638" appLimitBucket="5" bucketReason="100" activeTimeoutTime="7213876" />
    <package name="com.oppo.engineermode" elapsedIdleTime="67885161" screenIdleTime="2628912" lastPredictedTime="-11638" appLimitBucket="5" bucketReason="100" activeTimeoutTime="71485161" />
    <package name="com.oppo.wifirf" elapsedIdleTime="-11638" screenIdleTime="-25514" lastPredictedTime="-11638" appLimitBucket="5" bucketReason="100" activeTimeoutTime="7213876" />
    <package name="com.nearme.atlas" elapsedIdleTime="-11638" screenIdleTime="-25514" lastPredictedTime="-11638" appLimitBucket="5" bucketReason="100" activeTimeoutTime="7213876" />
    <package name="com.oppo.wifisniffer" elapsedIdleTime="-11638" screenIdleTime="-25514" lastPredictedTime="-11638" appLimitBucket="5" bucketReason="100" activeTimeoutTime="7213876" />
    <package name="com.coloros.exserviceui" elapsedIdleTime="-11638" screenIdleTime="-25514" lastPredictedTime="-11638" appLimitBucket="5" bucketReason="100" activeTimeoutTime="18643831330" />
    <package name="com.coloros.screenshot" elapsedIdleTime="-11638" screenIdleTime="-25514" lastPredictedTime="-11638" appLimitBucket="5" bucketReason="100" activeTimeoutTime="12212553535" />
    <package name="com.oppo.bttestmode" elapsedIdleTime="-11638" screenIdleTime="-25514" lastPredictedTime="-11638" appLimitBucket="5" bucketReason="100" activeTimeoutTime="7213876" />
    <package name="com.qualcomm.location" elapsedIdleTime="-11638" screenIdleTime="-25514" lastPredictedTime="-11638" appLimitBucket="5" bucketReason="100" activeTimeoutTime="1974052905" />
    <package name="com.oppo.atlas" elapsedIdleTime="-11638" screenIdleTime="-25514" lastPredictedTime="-11638" appLimitBucket="5" bucketReason="100" activeTimeoutTime="18646232970" />
    <package name="com.oppo.music" elapsedIdleTime="-11638" screenIdleTime="-25514" lastPredictedTime="-11638" appLimitBucket="5" bucketReason="100" activeTimeoutTime="7213876" />
    <package name="com.oppo.otaui" elapsedIdleTime="18133996568" screenIdleTime="342994432" lastPredictedTime="-11638" appLimitBucket="5" bucketReason="100" activeTimeoutTime="18137596568" />
    <package name="com.oppo.criticallog" elapsedIdleTime="-11638" screenIdleTime="-25514" lastPredictedTime="-11638" appLimitBucket="5" bucketReason="100" activeTimeoutTime="7213876" />
    <package name="com.android.cts.ctsshim" elapsedIdleTime="-11638" screenIdleTime="-25514" lastPredictedTime="-11638" appLimitBucket="5" bucketReason="100" activeTimeoutTime="7213876" />
    <package name="com.coloros.video" elapsedIdleTime="-11638" screenIdleTime="-25514" lastPredictedTime="-11638" appLimitBucket="5" bucketReason="100" activeTimeoutTime="7213876" />
    <package name="com.coloros.safesdkproxy" elapsedIdleTime="-11638" screenIdleTime="-25514" lastPredictedTime="-11638" appLimitBucket="5" bucketReason="100" activeTimeoutTime="17336521778" />
    <package name="com.android.systemui.overlay.ct" elapsedIdleTime="-11638" screenIdleTime="-25514" lastPredictedTime="-11638" appLimitBucket="5" bucketReason="100" activeTimeoutTime="7213876" />
    <package name="com.coloros.filemanager" elapsedIdleTime="-11638" screenIdleTime="-25514" lastPredictedTime="-11638" appLimitBucket="5" bucketReason="100" activeTimeoutTime="7213876" />
    <package name="com.oppo.usercenter" elapsedIdleTime="16108271793" screenIdleTime="253872405" lastPredictedTime="-11638" appLimitBucket="5" bucketReason="100" activeTimeoutTime="18633258821" />
    <package name="com.android.vpndialogs" elapsedIdleTime="-11638" screenIdleTime="-25514" lastPredictedTime="-11638" appLimitBucket="5" bucketReason="100" activeTimeoutTime="7213876" />
    <package name="com.coloros.oppomultiapp" elapsedIdleTime="-11638" screenIdleTime="-25514" lastPredictedTime="-11638" appLimitBucket="5" bucketReason="100" activeTimeoutTime="7213876" />
    <package name="com.google.android.keep" elapsedIdleTime="-11638" screenIdleTime="-25514" lastPredictedTime="-11638" appLimitBucket="5" bucketReason="100" activeTimeoutTime="18632312114" lastJobRunTime="18569305444" />
    <package name="com.coloros.soundrecorder" elapsedIdleTime="14317178234" screenIdleTime="214865552" lastPredictedTime="-11638" appLimitBucket="5" bucketReason="100" activeTimeoutTime="14320778234" />
    <package name="com.android.phone" elapsedIdleTime="18087833693" screenIdleTime="331645226" lastPredictedTime="-11638" appLimitBucket="5" bucketReason="100" activeTimeoutTime="18646232971" />
    <package name="com.android.shell" elapsedIdleTime="-11638" screenIdleTime="-25514" lastPredictedTime="-11638" appLimitBucket="5" bucketReason="100" activeTimeoutTime="7213876" />
    <package name="com.android.wallpaperbackup" elapsedIdleTime="-11638" screenIdleTime="-25514" lastPredictedTime="-11638" appLimitBucket="5" bucketReason="100" activeTimeoutTime="7213876" />
    <package name="com.android.providers.blockednumber" elapsedIdleTime="-11638" screenIdleTime="-25514" lastPredictedTime="-11638" appLimitBucket="5" bucketReason="100" activeTimeoutTime="18643831329" />
    <package name="com.android.email.partnerprovider" elapsedIdleTime="-11638" screenIdleTime="-25514" lastPredictedTime="-11638" appLimitBucket="5" bucketReason="100" activeTimeoutTime="7213876" />
    <package name="com.android.providers.userdictionary" elapsedIdleTime="-11638" screenIdleTime="-25514" lastPredictedTime="-11638" appLimitBucket="5" bucketReason="100" activeTimeoutTime="18643831330" />
    <package name="com.oppo.quicksearchbox" elapsedIdleTime="17761867854" screenIdleTime="308954552" lastPredictedTime="-11638" appLimitBucket="5" bucketReason="100" activeTimeoutTime="17765467854" />
    <package name="com.qualcomm.qti.seccamservice" elapsedIdleTime="-11638" screenIdleTime="-25514" lastPredictedTime="-11638" appLimitBucket="5" bucketReason="100" activeTimeoutTime="7213876" />
    <package name="com.qualcomm.qti.qmmi" elapsedIdleTime="-11638" screenIdleTime="-25514" lastPredictedTime="-11638" appLimitBucket="5" bucketReason="100" activeTimeoutTime="7213876" />
    <package name="com.color.eyeprotect" elapsedIdleTime="-11638" screenIdleTime="-25514" lastPredictedTime="-11638" appLimitBucket="5" bucketReason="100" activeTimeoutTime="18646232970" />
    <package name="com.android.location.fused" elapsedIdleTime="-11638" screenIdleTime="-25514" lastPredictedTime="-11638" appLimitBucket="5" bucketReason="100" activeTimeoutTime="1974052905" />
    <package name="com.opera.preinstall" elapsedIdleTime="13879" screenIdleTime="3" lastPredictedTime="-11638" appLimitBucket="50" bucketReason="100" />
    <package name="com.android.systemui" elapsedIdleTime="18531281083" screenIdleTime="363159019" lastPredictedTime="-11638" appLimitBucket="5" bucketReason="100" activeTimeoutTime="18646232971" workingSetTimeoutTime="18563739989" />
    <package name="com.coloros.providers.fileinfo" elapsedIdleTime="-11638" screenIdleTime="-25514" lastPredictedTime="-11638" appLimitBucket="5" bucketReason="100" activeTimeoutTime="7213876" />
    <package name="com.android.bluetoothmidiservice" elapsedIdleTime="-11638" screenIdleTime="-25514" lastPredictedTime="-11638" appLimitBucket="5" bucketReason="100" activeTimeoutTime="7213876" />
    <package name="com.qualcomm.qti.poweroffalarm" elapsedIdleTime="-11638" screenIdleTime="-25514" lastPredictedTime="-11638" appLimitBucket="5" bucketReason="100" activeTimeoutTime="7213876" />
    <package name="com.facebook.appmanager" elapsedIdleTime="1210873863" screenIdleTime="5080420" lastPredictedTime="-11638" appLimitBucket="5" bucketReason="100" activeTimeoutTime="1214473863" lastJobRunTime="18641923795" />
    <package name="com.oppo.tzupdate" elapsedIdleTime="-11638" screenIdleTime="-25514" lastPredictedTime="-11638" appLimitBucket="5" bucketReason="100" activeTimeoutTime="7213876" />
    <package name="com.nearme.romupdate" elapsedIdleTime="-11638" screenIdleTime="-25514" lastPredictedTime="-11638" appLimitBucket="5" bucketReason="100" activeTimeoutTime="18634705199" />
    <package name="com.coloros.floatassistant" elapsedIdleTime="-11638" screenIdleTime="-25514" lastPredictedTime="-11638" appLimitBucket="5" bucketReason="100" activeTimeoutTime="7213876" />
    <package name="com.coloros.childrenspace" elapsedIdleTime="-11638" screenIdleTime="-25514" lastPredictedTime="-11638" appLimitBucket="5" bucketReason="100" activeTimeoutTime="7213876" />
    <package name="com.oppo.rftoolkit" elapsedIdleTime="-11638" screenIdleTime="-25514" lastPredictedTime="-11638" appLimitBucket="5" bucketReason="100" activeTimeoutTime="7213876" />
    <package name="com.qualcomm.qti.qms.service.trustzoneaccess" elapsedIdleTime="-11638" screenIdleTime="-25514" lastPredictedTime="-11638" appLimitBucket="5" bucketReason="100" activeTimeoutTime="7213876" />
    <package name="com.oppo.gestureservice" elapsedIdleTime="-11638" screenIdleTime="-25514" lastPredictedTime="-11638" appLimitBucket="5" bucketReason="100" activeTimeoutTime="18646232970" />
    <package name="com.coloros.gallery3d" elapsedIdleTime="17413705607" screenIdleTime="299948376" lastPredictedTime="-11638" appLimitBucket="5" bucketReason="100" activeTimeoutTime="17417305607" lastJobRunTime="18632419896" />
    <package name="com.google.android.apps.magazines" elapsedIdleTime="13879" screenIdleTime="3" lastPredictedTime="-11638" appLimitBucket="50" bucketReason="100" />
    <package name="com.android.bluetooth" elapsedIdleTime="-11638" screenIdleTime="-25514" lastPredictedTime="-11638" appLimitBucket="5" bucketReason="100" activeTimeoutTime="4918887046" />
    <package name="com.qualcomm.timeservice" elapsedIdleTime="-11638" screenIdleTime="-25514" lastPredictedTime="-11638" appLimitBucket="5" bucketReason="100" activeTimeoutTime="7213876" />
    <package name="com.qualcomm.atfwd" elapsedIdleTime="-11638" screenIdleTime="-25514" lastPredictedTime="-11638" appLimitBucket="5" bucketReason="100" activeTimeoutTime="7213876" />
    <package name="com.qualcomm.embms" elapsedIdleTime="-11638" screenIdleTime="-25514" lastPredictedTime="-11638" appLimitBucket="5" bucketReason="100" activeTimeoutTime="7213876" />
    <package name="com.android.providers.contacts" elapsedIdleTime="-11638" screenIdleTime="-25514" lastPredictedTime="-11638" appLimitBucket="5" bucketReason="100" activeTimeoutTime="18643831330" lastJobRunTime="18633935733" />
    <package name="com.coloros.appmanager" elapsedIdleTime="-11638" screenIdleTime="-25514" lastPredictedTime="-11638" appLimitBucket="5" bucketReason="100" activeTimeoutTime="18646232970" />
    <package name="com.oppo.usageDump" elapsedIdleTime="-11638" screenIdleTime="-25514" lastPredictedTime="-11638" appLimitBucket="5" bucketReason="100" activeTimeoutTime="7213876" />
    <package name="com.oppo.usagedump" elapsedIdleTime="-11638" screenIdleTime="-25514" lastPredictedTime="-11638" appLimitBucket="5" bucketReason="100" activeTimeoutTime="7213876" />
    <package name="com.coloros.securitypermission" elapsedIdleTime="-11638" screenIdleTime="-25514" lastPredictedTime="-11638" appLimitBucket="5" bucketReason="100" activeTimeoutTime="18643831330" />
    <package name="com.android.cellbroadcastreceiver.overlay.common" elapsedIdleTime="-11638" screenIdleTime="-25514" lastPredictedTime="-11638" appLimitBucket="5" bucketReason="100" activeTimeoutTime="7213876" />
    <package name="com.google.android.inputmethod.latin" elapsedIdleTime="-11638" screenIdleTime="-25514" lastPredictedTime="-11638" appLimitBucket="5" bucketReason="100" activeTimeoutTime="18616012521" lastJobRunTime="1706840" />
    <package name="com.oppo.lfeh" elapsedIdleTime="-11638" screenIdleTime="-25514" lastPredictedTime="-11638" appLimitBucket="5" bucketReason="100" activeTimeoutTime="18527756757" lastJobRunTime="18527156738" />
    <package name="com.coloros.avastofferwall" elapsedIdleTime="-11638" screenIdleTime="-25514" lastPredictedTime="-11638" appLimitBucket="5" bucketReason="100" activeTimeoutTime="7213876" />
    <package name="com.android.bluetooth.overlay.common" elapsedIdleTime="-11638" screenIdleTime="-25514" lastPredictedTime="-11638" appLimitBucket="5" bucketReason="100" activeTimeoutTime="7213876" />
    <package name="com.google.android.apps.restore" elapsedIdleTime="1750195" screenIdleTime="720777" lastPredictedTime="-11638" appLimitBucket="5" bucketReason="100" activeTimeoutTime="18643831329" lastJobRunTime="18638925592" />
</packages>
