<?xml version='1.0' encoding='utf-8' standalone='yes' ?>
<package-restrictions>
    <pkg name="com.coloros.backuprestore" ceDataInode="8355842">
        <disabled-components>
            <item name="com.coloros.phoneclone.BootRegReceiver" />
        </disabled-components>
    </pkg>
    <pkg name="com.android.cts.priv.ctsshim" ceDataInode="8355846" />
    <pkg name="com.google.android.youtube" ceDataInode="8355849" enabled="1" domainVerificationStatus="2" app-link-generation="1">
        <enabled-components>
            <item name="com.google.android.apps.youtube.app.common.notification.FcmMessageListenerService" />
            <item name="com.google.firebase.iid.FirebaseInstanceIdReceiver" />
            <item name="com.google.android.youtube.ManageNetworkUsageActivity" />
        </enabled-components>
        <disabled-components>
            <item name="com.google.android.apps.youtube.app.common.notification.GcmBroadcastReceiver" />
        </disabled-components>
    </pkg>
    <pkg name="com.google.android.ext.services" ceDataInode="8355852" />
    <pkg name="com.coloros.onekeylockscreen" ceDataInode="8355855" stopped="true" nl="true" />
    <pkg name="com.coloros.phonenoareainquire" ceDataInode="8355858" />
    <pkg name="com.oppo.oppopowermonitor" ceDataInode="8355861" />
    <pkg name="com.android.providers.telephony" ceDataInode="8355864" />
    <pkg name="com.coloros.wirelesssettings" ceDataInode="8355867" />
    <pkg name="com.google.android.googlequicksearchbox" ceDataInode="8355870">
        <enabled-components>
            <item name="com.android.launcher3.LauncherProvider" />
            <item name="com.google.android.apps.gsa.staticplugins.opa.EnterOpaActivityFromDeeplink" />
            <item name="com.google.android.apps.gsa.deeplink.EnterCollectionsFromDeeplink" />
            <item name="com.google.android.googlequicksearchbox.SearchActivity" />
            <item name="com.android.launcher3.AppWidgetsRestoredReceiver" />
            <item name="com.google.android.apps.gsa.staticplugins.opa.hq.OpaHqActivity" />
            <item name="com.google.android.apps.gsa.assistant.settings.hq.agentdirectory.AgentDirectoryActivity" />
        </enabled-components>
        <disabled-components>
            <item name="com.android.launcher3.InstallShortcutReceiver" />
            <item name="com.android.launcher3.PackageSessionCommitReceiver" />
            <item name="com.android.launcher3.WallpaperCropActivity" />
            <item name="com.google.android.libraries.flashmanagement.cleardatadetector.DummyReceiver" />
            <item name="com.google.android.apps.gsa.reflection.ReflectionReceiver" />
            <item name="com.google.android.googlequicksearchbox.VoiceSearchActivity" />
            <item name="com.android.launcher3.AddItemActivity" />
            <item name="com.android.launcher3.StartupReceiver" />
            <item name="com.google.android.apps.gsa.launcher.GelWallpaperPickerActivity" />
            <item name="com.google.android.apps.gsa.staticplugins.opa.EnterOpaActivityFromLauncher" />
            <item name="com.google.android.launcher.GEL" />
        </disabled-components>
    </pkg>
    <pkg name="com.android.providers.calendar" ceDataInode="8355873" />
    <pkg name="com.android.providers.media" ceDataInode="8355876" />
    <pkg name="com.qti.service.colorservice" ceDataInode="8355879" />
    <pkg name="com.oppo.locationpicker" ceDataInode="8355882" />
    <pkg name="com.google.android.onetimeinitializer" ceDataInode="8355885" />
    <pkg name="com.google.android.ext.shared" ceDataInode="8355888" />
    <pkg name="com.wifi.rxsenstest" ceDataInode="8355891" />
    <pkg name="com.qualcomm.qti.modemtestmode" ceDataInode="8355894">
        <disabled-components>
            <item name="com.qualcomm.qti.modemtestmode.MbnFileActivate" />
        </disabled-components>
    </pkg>
    <pkg name="com.android.wallpapercropper" ceDataInode="8355897" />
    <pkg name="com.quicinc.cne.CNEService" ceDataInode="8355900" />
    <pkg name="com.qualcomm.qti.autoregistration" ceDataInode="8355903" />
    <pkg name="com.coloros.gamespace" ceDataInode="8355906">
        <enabled-components>
            <item name="com.coloros.gamespace.activity.GameBoxActivity" />
        </enabled-components>
    </pkg>
    <pkg name="com.oppoex.afterservice" ceDataInode="8355909" />
    <pkg name="com.qualcomm.qti.smcinvokepkgmgr" ceDataInode="8355912" />
    <pkg name="com.oppo.operationManual" ceDataInode="8355915" />
    <pkg name="com.android.documentsui" ceDataInode="8355918" />
    <pkg name="com.coloros.simsettings" ceDataInode="8355921">
        <disabled-components>
            <item name="com.coloros.simsettings.ims.WifiCallingTileService" />
        </disabled-components>
    </pkg>
    <pkg name="com.oppo.partnerbrowsercustomizations" ceDataInode="8355924" />
    <pkg name="com.android.externalstorage" ceDataInode="8355927" />
    <pkg name="com.qualcomm.uimremoteclient" ceDataInode="8355930" />
    <pkg name="com.android.htmlviewer" ceDataInode="8355933" />
    <pkg name="com.coloros.healthcheck" ceDataInode="8355936" />
    <pkg name="com.qualcomm.qti.uceShimService" ceDataInode="8355939" />
    <pkg name="com.android.companiondevicemanager" ceDataInode="8355942" />
    <pkg name="com.coloros.weather.service" ceDataInode="8355945" />
    <pkg name="com.android.mms.service" ceDataInode="8355949" />
    <pkg name="com.qualcomm.qti.qms.service.connectionsecurity" ceDataInode="8355952" />
    <pkg name="com.android.providers.downloads" ceDataInode="8355956" />
    <pkg name="com.coloros.providers.downloads.ui" ceDataInode="8355959" />
    <pkg name="com.coloros.athena" ceDataInode="8355962" />
    <pkg name="com.coloros.blacklistapp" ceDataInode="8355965" />
    <pkg name="com.coloros.blacklist" ceDataInode="8355969" />
    <pkg name="com.qualcomm.qti.callenhancement" ceDataInode="8355973" />
    <pkg name="org.kman.AquaMail" ceDataInode="8355976">
        <enabled-components>
            <item name="org.kman.AquaMail.accounts.LauncherShortcutService$ChangeReceiver" />
        </enabled-components>
    </pkg>
    <pkg name="com.mediatek.omacp" ceDataInode="8355979" />
    <pkg name="com.qualcomm.qti.telephonyservice" ceDataInode="8355982" />
    <pkg name="com.android.providers.applications" ceDataInode="8355985" />
    <pkg name="com.qualcomm.qti.auth.fidocryptoservice" ceDataInode="8355988" />
    <pkg name="com.google.android.configupdater" ceDataInode="8355991" />
    <pkg name="com.qualcomm.qti.optinoverlay" ceDataInode="8355994" />
    <pkg name="com.coloros.wifibackuprestore" ceDataInode="8355997" />
    <pkg name="com.qualcomm.uimremoteserver" ceDataInode="8356000" />
    <pkg name="com.android.defcontainer" ceDataInode="8356003" />
    <pkg name="com.qti.confuridialer" ceDataInode="8356006" />
    <pkg name="com.google.ar.core" ceDataInode="8356009" />
    <pkg name="com.google.ar.lens" ceDataInode="8356012" stopped="true" nl="true" />
    <pkg name="org.zwanoo.android.speedtest" ceDataInode="8372922" install-reason="4" />
    <pkg name="com.android.vending" ceDataInode="8356015" enabled="1" domainVerificationStatus="2" app-link-generation="2">
        <enabled-components>
            <item name="com.google.android.finsky.protect.impl.PlayProtectHomeDeepLinkActivity" />
            <item name="com.google.android.finsky.protect.ExternalPlayProtectHomeEntryPoint" />
            <item name="com.google.android.finsky.instantapps.ContentFilterUpdatedReceiver" />
            <item name="com.google.android.finsky.prewarmservice.PrewarmService" />
            <item name="com.google.android.finsky.instantapps.appmanagement.InstantAppRemoveMonitor" />
            <item name="com.google.android.finsky.instantapps.InstantAppsConfigChangeListener" />
            <item name="com.google.android.finsky.instantapps.EphemeralInstallerActivity" />
            <item name="com.android.vending.AssetBrowserActivity" />
            <item name="com.google.android.finsky.slice.PhoneskyContextualCardProvider" />
            <item name="com.google.android.finsky.instantapps.dna.ArchiveDownloadBroadcastReceiver" />
        </enabled-components>
        <disabled-components>
            <item name="com.google.android.finsky.wear.WearChangeListenerService" />
            <item name="com.google.android.finsky.wear.WearSupportService" />
            <item name="com.google.android.finsky.systemupdateactivity.SystemUpdateActivity" />
            <item name="com.google.android.finsky.systemupdateactivity.SettingsSecurityEntryPoint" />
            <item name="com.google.android.finsky.setupui.VpaSelectionOptionalStepActivity" />
            <item name="com.google.android.finsky.activities.DebugActivity" />
        </disabled-components>
    </pkg>
    <pkg name="com.android.pacprocessor" ceDataInode="8356019" />
    <pkg name="com.android.simappdialog" ceDataInode="8356022" />
    <pkg name="com.coloros.oshare" ceDataInode="8356025" />
    <pkg name="com.dolby.daxservice" ceDataInode="8356028">
        <disabled-components>
            <item name="com.dolby.daxservice.VqeTileService" />
        </disabled-components>
    </pkg>
    <pkg name="com.android.settings.overlay.cmcc" ceDataInode="8356031" />
    <pkg name="com.coloros.gesture" ceDataInode="8356034" />
    <pkg name="android.overlay.common" ceDataInode="8356037" />
    <pkg name="com.android.certinstaller" ceDataInode="8356040" />
    <pkg name="com.android.carrierconfig" ceDataInode="8356043" />
    <pkg name="com.google.android.marvin.talkback" ceDataInode="8356046" />
    <pkg name="org.codeaurora.bluetooth" ceDataInode="8356049" />
    <pkg name="com.wapi.wapicertmanage" ceDataInode="8356052" />
    <pkg name="com.android.mms.overlay.cmcc" ceDataInode="8356055" />
    <pkg name="com.qti.qualcomm.datastatusnotification" ceDataInode="8356058" />
    <pkg name="com.oppo.smartvolume" ceDataInode="8356061" />
    <pkg name="com.coloros.bootreg" ceDataInode="8356064">
        <disabled-components>
            <item name="com.coloros.bootreg.activity.WelcomePage" />
        </disabled-components>
    </pkg>
    <pkg name="android" ceDataInode="8356067" />
    <pkg name="com.coloros.screenrecorder" ceDataInode="8356070" stopped="true" enabled="2" enabledCaller="com.android.settings" />
    <pkg name="com.android.contacts" ceDataInode="8356073">
        <disabled-components>
            <item name="com.android.contacts.voicemail.LegacyVoicemailNotificationReceiver" />
        </disabled-components>
    </pkg>
    <pkg name="com.qualcomm.qti.callfeaturessetting" ceDataInode="8356077" />
    <pkg name="com.qualcomm.wfd.service" ceDataInode="8356080" />
    <pkg name="android.ui.overlay.ct" ceDataInode="8356083" />
    <pkg name="com.qti.qualcomm.deviceinfo" ceDataInode="8356086" />
    <pkg name="com.ted.number" ceDataInode="8356089" />
    <pkg name="com.coloros.oppoguardelf" ceDataInode="8356093" />
    <pkg name="com.android.mms" ceDataInode="8356096" />
    <pkg name="com.android.mtp" ceDataInode="8356100" />
    <pkg name="com.android.nfc" ceDataInode="8356103">
        <enabled-components>
            <item name="com.android.nfc.BeamShareActivity" />
        </enabled-components>
    </pkg>
    <pkg name="com.android.stk" ceDataInode="8356106">
        <enabled-components>
            <item name="com.android.stk.StkMain" />
            <item name="com.android.stk.OppoStkLauncherActivity1" />
        </enabled-components>
        <disabled-components>
            <item name="com.android.stk.OppoStkLauncherActivity2" />
        </disabled-components>
    </pkg>
    <pkg name="com.oppo.wifiage" ceDataInode="8356109" />
    <pkg name="com.android.backupconfirm" ceDataInode="8356112" />
    <pkg name="com.dropboxchmod" ceDataInode="8356116" />
    <pkg name="com.coloros.assistantscreen" ceDataInode="8356119" />
    <pkg name="com.android.dlna.service" ceDataInode="8356122" />
    <pkg name="com.coloros.activation" ceDataInode="8356125" />
    <pkg name="org.codeaurora.ims" ceDataInode="8356128" />
    <pkg name="com.android.statementservice" ceDataInode="8356131" />
    <pkg name="com.google.android.gm" ceDataInode="8356134">
        <enabled-components>
            <item name="com.google.android.gm.widget.GmailWidgetProvider" />
            <item name="com.android.exchange.service.CalendarSyncAdapterService" />
            <item name="com.android.exchange.service.TasksSyncAdapterService" />
            <item name="com.google.android.gm.ComposeActivityGmail" />
            <item name="com.google.android.gm.CreateShortcutActivityGmail" />
            <item name="com.android.email.service.EasAuthenticatorService" />
            <item name="com.android.exchange.service.ContactsSyncAdapterService" />
            <item name="com.android.exchange.service.EmailSyncAdapterService" />
            <item name="com.android.exchange.service.EasService" />
        </enabled-components>
        <disabled-components>
            <item name="com.google.android.gm.widget.GoogleMailWidgetProvider" />
            <item name="com.google.android.gm.setup.AccountSetupFinalGmailSuggestions" />
            <item name="com.android.email.service.EmailUpgradeBroadcastReceiver" />
            <item name="com.google.android.gm.CreateShortcutActivityGoogleMail" />
            <item name="com.android.email.service.AttachmentService" />
        </disabled-components>
    </pkg>
    <pkg name="android.overlay.target" ceDataInode="8356137" />
    <pkg name="android.autoinstalls.config.oppo" ceDataInode="8356140" />
    <pkg name="com.google.android.apps.tachyon" ceDataInode="8356143" />
    <pkg name="com.oppo.decrypt" ceDataInode="8356146" />
    <pkg name="com.android.settings.intelligence" ceDataInode="8356149" />
    <pkg name="com.android.systemui.theme.dark" ceDataInode="8356152" />
    <pkg name="com.qualcomm.qti.dynamicddsservice" ceDataInode="8356155" />
    <pkg name="com.google.android.setupwizard" ceDataInode="8356158">
        <disabled-components>
            <item name="com.google.android.setupwizard.SetupWizardActivity" />
            <item name="com.google.android.setupwizard.deferred.ComponentStateMitigationReceiver" />
        </disabled-components>
    </pkg>
    <pkg name="com.qualcomm.qcrilmsgtunnel" ceDataInode="8356161" />
    <pkg name="com.android.providers.settings" ceDataInode="8356164" />
    <pkg name="com.android.sharedstoragebackup" ceDataInode="8356167" />
    <pkg name="com.facebook.services" ceDataInode="8356170" enabled="1">
        <disabled-components>
            <item name="com.facebook.oxygen.services.fbns.RegisteredMqttSystemBroadcastReceiver" />
        </disabled-components>
    </pkg>
    <pkg name="com.google.android.music" ceDataInode="8356173">
        <disabled-components>
            <item name="com.google.android.music.Settings.NetworkUsage" />
        </disabled-components>
    </pkg>
    <pkg name="com.android.printspooler" ceDataInode="8356176" />
    <pkg name="com.coloros.notificationmanager" ceDataInode="8356179" />
    <pkg name="com.android.incallui" ceDataInode="8356182" />
    <pkg name="com.nearme.themestore" ceDataInode="8356185">
        <disabled-components>
            <item name="com.nearme.themespace.activities.ThemeActivity" />
            <item name="com.nearme.themespace.receiver.BootCompletedReceiver" />
        </disabled-components>
    </pkg>
    <pkg name="com.oppo.fingerprints.fingerprintsensortest" ceDataInode="8356188" />
    <pkg name="com.oppo.multimedia.dolby" ceDataInode="8356191" />
    <pkg name="com.android.se" ceDataInode="8356194" />
    <pkg name="com.android.inputdevices" ceDataInode="8356197" />
    <pkg name="com.coloros.smartdrive" ceDataInode="8356200" />
    <pkg name="com.android.bips" ceDataInode="8356203" />
    <pkg name="com.qti.dpmserviceapp" ceDataInode="8356206" />
    <pkg name="com.daemon.shelper" ceDataInode="8356209" />
    <pkg name="com.qti.xdivert" ceDataInode="8356212" />
    <pkg name="oppo" ceDataInode="8356215" />
    <pkg name="com.coloros.backuprestore.remoteservice" ceDataInode="8356218" />
    <pkg name="com.oppo.launcher" ceDataInode="8356221" />
    <pkg name="com.android.systemui.overlay.cmcc" ceDataInode="8356224" />
    <pkg name="com.oppo.nw" ceDataInode="8356227" />
    <pkg name="com.google.android.apps.docs" ceDataInode="8356230" />
    <pkg name="com.google.android.apps.maps" ceDataInode="8356233" enabled="1" domainVerificationStatus="2" app-link-generation="3" />
    <pkg name="com.oppo.mimosiso" ceDataInode="8356236" />
    <pkg name="com.android.cellbroadcastreceiver" ceDataInode="8356239" />
    <pkg name="com.google.android.webview" ceDataInode="8356242" enabled="3" enabledCaller="1000" />
    <pkg name="com.coloros.recents" ceDataInode="8356245" />
    <pkg name="android.telephony.overlay.cmcc" ceDataInode="8356248" />
    <pkg name="com.coloros.wallpapers" ceDataInode="8356251" />
    <pkg name="com.coloros.mcs" ceDataInode="8356254" />
    <pkg name="com.coloros.sau" ceDataInode="8356257" />
    <pkg name="com.opera.browser" ceDataInode="8356260" stopped="true" nl="true" />
    <pkg name="com.coloros.weather2" ceDataInode="8356264">
        <disabled-components>
            <item name="com.coloros.weather.weatherservice.EnvirStateInitReceiver" />
        </disabled-components>
    </pkg>
    <pkg name="com.coloros.encryption" ceDataInode="8356268" />
    <pkg name="com.android.server.telecom" ceDataInode="8356271" />
    <pkg name="com.google.android.syncadapters.contacts" ceDataInode="8356274">
        <disabled-components>
            <item name="com.google.android.syncadapters.contacts.ContactsSyncAdapterService" />
        </disabled-components>
    </pkg>
    <pkg name="com.color.uiengine" ceDataInode="8356277" />
    <pkg name="com.android.keychain" ceDataInode="8356281" />
    <pkg name="com.qti.snapdragon.qdcm_ff" ceDataInode="8356284" />
    <pkg name="com.android.chrome" ceDataInode="8356287">
        <disabled-components>
            <item name="org.chromium.chrome.browser.media.MediaLauncherActivity" />
        </disabled-components>
    </pkg>
    <pkg name="com.coloros.compass2" ceDataInode="8356291" />
    <pkg name="com.coloros.usbselection" ceDataInode="8356294" />
    <pkg name="com.google.android.packageinstaller" ceDataInode="8356297" />
    <pkg name="com.nearme.statistics.rom" ceDataInode="8356300" />
    <pkg name="com.google.android.gms" ceDataInode="8356304" domainVerificationStatus="1">
        <enabled-components>
            <item name="com.google.android.gms.family.v2.create.FamilyCreationActivity" />
            <item name="com.google.android.gms.nearby.sharing.ReceiveSurfaceService" />
            <item name="com.google.android.gms.carsetup.wifi.CarWifiConnectionService" />
            <item name="com.google.android.gms.auth.account.mdm.GcmReceiverService" />
            <item name="com.google.android.gms.matchstick.net.MessagingService" />
            <item name="com.google.android.gms.thunderbird.config.EmergencyConfigContentProvider" />
            <item name="com.google.android.gms.autofill.ui.AutofillActivity" />
            <item name="com.google.android.gms.googlehelp.webview.GoogleHelpRenderingApiWebViewActivity" />
            <item name="com.google.android.gms.accountsettings.ui.SettingsLoaderActivity" />
            <item name="com.google.android.gms.nearby.setup.ui.WifiConsentActivity" />
            <item name="com.google.android.gms.app.search.GmsSearchIndexablesProvider" />
            <item name="com.google.android.gms.fido.fido2.ui.PolluxActivity" />
            <item name="com.google.android.gms.vision.DependencyBroadcastReceiverProxy" />
            <item name="com.google.android.gms.nearby.discovery.ui.DiscoveryChromeTabActivity" />
            <item name="com.google.android.gms.auth.managed.ui.PhoneskyDpcInstallActivity" />
            <item name="com.google.android.location.internal.server.HistorianFileProvider" />
            <item name="com.google.android.gms.fitness.service.wearable.WearableSyncConnectionService" />
            <item name="com.google.android.gms.magictether.host.TetherListenerService" />
            <item name="com.google.android.gms.auth.account.be.UpdatePostAccountSetupStatusIntentService" />
            <item name="com.google.android.gms.udc.service.UdcContextInitService" />
            <item name="com.google.android.gms.nearby.discovery.ui.ReportSnackbarService" />
            <item name="com.google.android.gms.matchstick.contacts.sync.TachystickAccountService" />
            <item name="com.google.android.gms.matchstick.GcmBroadcastReceiver" />
            <item name="com.google.android.gms.auth.account.visibility.RequestAccountsAccessActivity" />
            <item name="com.google.android.gms.sesame.service.SesameLocationTaskService" />
            <item name="com.google.android.gms.auth.proximity.GcmBroadcastReceiver" />
            <item name="com.google.android.gms.trustagent.discovery.WebpageOnbodyPromotionActivity" />
            <item name="com.google.android.gms.auth.authzen.magicwand.MagicWandBarcodeScannerActivity" />
            <item name="com.google.android.gms.wallet.activity.GenericDelegatorInternalActivity" />
            <item name="com.google.android.gms.mdm.services.GcmReceiverService" />
            <item name="com.google.android.gms.tapandpay.hce.service.TpHceService" />
            <item name="com.google.android.gms.mobiledataplan.gcm.GcmBroadcastReceiver" />
            <item name="com.google.android.gms.subscribedfeeds.GcmReceiverService" />
            <item name="com.google.android.gms.cast.service.CastPersistentService" />
            <item name="com.google.android.gms.family.v2.invites.SendInvitationsActivity" />
            <item name="com.google.android.gms.nearby.discovery.ui.DiscoveryListActivity" />
            <item name="com.google.android.gms.auth.authzen.transaction.secondscreen.SecondScreenGetTokenActivity" />
            <item name="com.google.android.gms.matchstick.ui.MessageActivity" />
            <item name="com.google.android.gms.trustagent.PreferenceService" />
            <item name="com.google.android.gms.languageprofile.GcmTaskService" />
            <item name="com.google.android.gms.wallet.im.SetupWizardImRootActivity" />
            <item name="com.google.android.gms.wallet.redirect.FinishAndroidAppRedirectProxyActivity" />
            <item name="com.google.android.location.util.LocationAccuracyInjectorService" />
            <item name="com.google.android.gms.mdm.receivers.RetryAfterAlarmReceiver" />
            <item name="com.google.android.gms.auth.authzen.cryptauth.DialerSecretCodeReceiver" />
            <item name="com.google.android.gms.security.provider.SecurityProvider" />
            <item name="com.google.android.gms.autofill.ui.AutofillDialogActivity" />
            <item name="com.google.android.gms.app.net.NetworkUsageActivityAdvanced" />
            <item name="com.google.android.gms.udc.ui.UdcSettingsListActivity" />
            <item name="com.google.android.gms.measurement.PackageMeasurementReceiver" />
            <item name="com.google.android.gms.backup.component.D2dSourceService" />
            <item name="com.google.android.gms.auth.uiflows.addaccount.UncertifiedNotificationActivity" />
            <item name="com.google.android.gms.autofill.ui.AutofillTransparentActivity" />
            <item name="com.google.android.gms.nearby.exposurenotification.settings.SettingsCheckerActivity" />
            <item name="com.google.android.gms.matchstick.data.AppDataProvider" />
            <item name="com.google.android.gms.clearcut.debug.ClearcutDebugDumpService" />
            <item name="com.google.android.gms.kids.settings.KidsSettingsActivity" />
            <item name="com.google.android.gms.family.v2.tos.TosActivity" />
            <item name="com.google.android.gms.stats.eastworld.EastworldService" />
            <item name="com.google.android.gms.security.settings.VerifyAppsSettingsActivity" />
            <item name="com.google.android.gms.auth.authzen.AuthzenDeeplinkHandlerActivity" />
            <item name="com.google.android.gms.backup.component.NoBackupNotificationService" />
            <item name="com.google.android.gms.mdm.services.LockscreenMessageService" />
            <item name="com.google.android.gms.people.pub.PeopleProfileActionGatewayActivity" />
            <item name="com.google.android.gms.analytics.service.AnalyticsService" />
            <item name="com.google.android.gms.backup.mms.MmsBackupService" />
            <item name="com.google.android.gms.trustagent.discovery.PromoteScreenLockAndOnbodyActivity" />
            <item name="com.google.android.gms.family.webview.FamilyWebViewActivity" />
            <item name="com.google.android.gms.wallet.setupwizard.PaymentsSetupWizardActivity" />
            <item name="com.google.android.gms.auth.folsom.service.FolsomPublicKeyUpdateService" />
            <item name="com.google.android.gms.app.settings.DataManagementActivity" />
            <item name="com.google.android.gms.auth.proximity.BleCentralService" />
            <item name="com.google.android.gms.auth.proximity.BlePeripheralService" />
            <item name="com.google.android.gms.constellation.GcmBroadcastReceiver" />
            <item name="com.google.android.gms.octarine.ui.OctarineWebviewActivity" />
            <item name="com.google.android.gms.pay.deeplink.DeepLinkActivity" />
            <item name="com.google.android.gms.auth.account.service.WorkAccountService" />
            <item name="com.google.android.gms.backup.component.D2dSourceActivity" />
            <item name="com.google.android.gms.location.settings.LocationAccuracyActivity" />
            <item name="com.google.android.gms.auth.api.credentials.openyolo.provider.HintActivity" />
            <item name="com.google.android.gms.magictether.logging.DailyMetricsLoggerService" />
            <item name="com.google.android.gms.accountsettings.mg.pwm.PasswordManagerActivity" />
            <item name="com.google.android.gms.matchstick.ui.LighterMessageIntentActivity" />
            <item name="com.google.android.gms.nearby.messages.offline.OfflineCachingService" />
            <item name="com.google.android.gms.feedback.ui.compose.ComposeFeedbackActivity" />
            <item name="com.google.android.gms.fido.fido2.pollux.CableAuthenticatorService" />
            <item name="com.google.android.gms.constellation.ui.ConstellationDebugActivity" />
            <item name="com.google.android.gms.update.OtaSuggestionSummaryProvider" />
            <item name="com.google.android.gms.car.activity.StopperActivity" />
            <item name="com.google.android.gms.smartdevice.d2d.ui.SourceDirectTransferActivity" />
            <item name="com.google.android.gms.people.sync.focus.ContactsSyncAdapterService" />
            <item name="com.google.android.gms.magictether.client.ConnectToHostDialogActivity" />
            <item name="com.google.firebase.auth.api.gms.ui.BrowserSignInStarterActivity" />
            <item name="com.google.android.gms.telephonyspam.sync.SpamListSyncTaskService" />
            <item name="com.google.android.gms.magictether.host.ProvisioningFailedDialogActivity" />
            <item name="com.google.android.gms.learning.platformservices.sharing.ResolverRankerService" />
            <item name="com.google.android.location.fused.FusedLocationService" />
            <item name="com.google.android.gms.backup.component.BackupSettingsActivity" />
            <item name="com.google.android.gms.people.sync.coreui.ContactsSyncCoreActivity" />
            <item name="com.google.android.gms.auth.api.phone.ui.AutofillConsentActivity" />
            <item name="com.google.android.gms.security.recaptcha.RecaptchaActivity" />
            <item name="com.google.android.gms.fonts.update.UpdateSchedulerService" />
            <item name="com.google.android.gms.thunderbird.settings.ThunderbirdSettingsActivity" />
            <item name="com.google.android.gms.car.StopperActivity" />
            <item name="com.google.android.gms.udc.ui.AuthenticatingWebViewActivity" />
            <item name="com.google.android.gms.autofill.service.AutofillService" />
            <item name="com.google.android.gms.udc.ui.DeviceUsageActivity" />
            <item name="com.google.android.gms.gcm.nts.SchedulerService" />
            <item name="com.google.android.gms.matchstick.data.DatabaseProvider" />
            <item name="com.google.firebase.auth.api.gms.service.FirebaseAuthService" />
            <item name="com.google.android.gms.autofill.ui.AutofillSettingsActivity" />
            <item name="com.google.android.gms.smartdevice.d2d.ui.ForwardingActivity" />
            <item name="com.google.android.gms.smartdevice.setup.ui.AccountChallengeActivity" />
            <item name="com.google.android.gms.fitness.service.wearable.WearableSyncConfigService" />
            <item name="com.google.android.gms.auth.proximity.multidevice.SettingsContentProvider" />
            <item name="com.google.android.gms.contactinteractions.service.ContactInteractionsTaskService" />
            <item name="com.google.android.gms.fonts.provider.FontsProvider" />
            <item name="com.google.android.gms.auth.account.accounttransfer.AccountTransferReceiver" />
            <item name="com.google.android.gms.mdm.LockscreenActivityPermissionTrampoline" />
            <item name="com.google.android.gms.constellation.ui.ApiConsentActivity" />
            <item name="com.google.android.location.reporting.service.UploadGcmTaskService" />
            <item name="com.google.android.gms.languageprofile.GcmReceiverService" />
            <item name="com.google.android.gms.smartdevice.magicwand.MagicWandActivity" />
            <item name="com.google.android.gms.magictether.client.ActiveHostInfoDialogActivity" />
            <item name="com.google.android.gms.herrevad.services.LightweightNetworkQualityAndroidService" />
            <item name="com.google.android.gms.fitness.service.wearable.WearableSyncAccountService" />
            <item name="com.google.android.gms.udc.gcm.GcmBroadcastReceiver" />
            <item name="com.google.firebase.auth.api.gms.ui.BrowserSignInResponseHandlerActivity" />
            <item name="com.google.android.gms.fido.u2f.U2fService" />
            <item name="com.google.android.gms.auth.folsom.service.GcmReceiverService" />
            <item name="com.google.android.gms.matchstick.settings.MatchstickSettingsActivity" />
            <item name="com.google.android.gms.matchstick.ui.EntryActivity" />
            <item name="com.google.android.gms.droidguard.DroidGuardGcmTaskService" />
            <item name="com.google.android.gms.carsetup.CarSetupService" />
            <item name="com.google.android.gms.matchstick.contacts.reachability.ReachabilityService" />
            <item name="com.google.android.gms.fitness.service.wearable.WearableSyncMessageService" />
            <item name="com.google.android.gms.thunderbird.EmergencyPersistentService" />
            <item name="com.google.android.gms.nearby.discovery.ui.DiscoveryTileService" />
            <item name="com.google.android.location.internal.LocationContentProvider" />
            <item name="com.google.android.gms.auth.api.credentials.openyolo.provider.SaveCredentialActivity" />
            <item name="com.google.android.gms.mdm.LockscreenActivity" />
            <item name="com.google.android.gms.nearby.exposurenotification.service.ExposureMatchingService" />
            <item name="com.google.android.gms.nearby.discovery.devices.DevicesListActivity" />
            <item name="com.google.android.gms.wallet.ib.PaisaCompatActivity" />
            <item name="com.google.android.gms.family.v2.manage.FamilyManagementActivity" />
            <item name="com.google.android.gms.googlehelp.GcmBroadcastReceiver" />
            <item name="com.google.android.gms.backup.component.SetBackupAccountFlowActivity" />
            <item name="com.google.android.gms.accountsettings.service.PurgeScreenDataService" />
            <item name="com.google.android.gms.mdm.receivers.MdmDeviceAdminReceiver" />
            <item name="com.google.android.gms.auth.api.credentials.openyolo.provider.RetrieveCredentialActivity" />
            <item name="com.google.android.gms.growth.notifications.GcmBroadcastReceiver" />
            <item name="com.google.android.gms.subscribedfeeds.GmsFeedsSyncService" />
            <item name="com.google.android.gms.walletp2p.feature.transfer.TransferMoneyActivity" />
            <item name="com.google.android.gms.lockbox.LockboxAlarmReceiver" />
            <item name="com.google.android.gms.backup.mms.MmsRestoreService" />
            <item name="com.google.android.gms.wallet.GcmReceiverService" />
            <item name="com.google.android.gms.magictether.ui.settings.SettingsActivity" />
            <item name="com.google.android.gms.matchstick.ui.ConversationListActivity" />
            <item name="com.google.android.gms.measurement.PackageMeasurementTaskService" />
            <item name="com.google.android.gms.location.persistent.LocationPersistentService" />
            <item name="com.google.android.gms.nearby.discovery.service.DiscoveryService" />
            <item name="com.google.android.gms.recaptcha.RecaptchaActivity" />
            <item name="com.google.android.gms.matchstick.task.ScheduledTaskService" />
            <item name="com.google.android.gms.romanesco.settings.KeyRecoveryExplanationActivity" />
            <item name="com.google.android.gms.auth.uiflows.addaccount.DmSetScreenlockActivity" />
            <item name="com.google.android.gms.trustagent.ConfirmUserCredentialAndStartActivity" />
            <item name="com.google.android.gms.analytics.AnalyticsTaskService" />
            <item name="com.google.android.gms.matchstick.call.CallActivity" />
            <item name="com.google.android.gms.matchstick.call.CallEntryActivity" />
            <item name="com.google.android.location.settings.ActivityRecognitionPermissionActivity" />
            <item name="com.google.android.gms.wallet.activity.OrchestrationDelegatorActivity" />
            <item name="com.google.android.gms.auth.managed.ui.EmmActivity" />
            <item name="com.google.android.gms.matchstick.ui.FullScreenChatActivity" />
            <item name="com.google.android.gms.auth.easyunlock.registration.bt.RegistrationBleService" />
            <item name="com.google.android.gms.drive.deprecation.UpgradeDialogActivity" />
            <item name="com.google.android.gms.mdm.services.MdmPhoneWearableListenerService" />
            <item name="com.google.android.gms.mdm.services.DeviceManagerApiService" />
            <item name="com.google.android.gms.backup.component.GmsBackupSchedulerService" />
            <item name="com.google.android.gms.backup.component.FullBackupJobLoggerService" />
            <item name="com.google.android.gms.mdm.services.RingService" />
            <item name="com.google.android.gms.growth.service.GrowthTaskService" />
            <item name="com.google.android.gms.romanesco.settings.ContactsRestoreDialogActivity" />
            <item name="com.google.android.gms.subscriptions.settings.GoogleOneSettingsActivity" />
            <item name="com.google.android.gms.wallet.activity.GenericDelegatorActivity" />
            <item name="com.google.android.gms.family.v2.manage.InvitationManagementActivity" />
            <item name="com.google.android.gms.matchstick.call.CallService" />
            <item name="com.google.android.gms.udc.ui.UdcSettingDetailActivity" />
            <item name="com.google.android.gms.accountsettings.ui.PrivacyHubActivityControlsActivity" />
            <item name="com.google.android.gms.wallet.embeddedsettings.EmbeddedSettingsActivity" />
            <item name="com.google.android.gms.constellation.checker.RefreshGcmTaskService" />
            <item name="com.google.android.gms.setupservices.GoogleServicesActivity" />
            <item name="com.google.android.gms.credential.manager.PasswordManagerActivity" />
            <item name="com.google.android.gms.thunderbird.settings.ThunderbirdSettingInjectorService" />
            <item name="com.google.android.gms.herrevad.services.ProcessReportsService" />
            <item name="com.google.android.gms.auth.setup.devicesignals.LockScreenReceiver" />
            <item name="com.google.android.gms.romanesco.settings.ContactsRestoreContactsActivity" />
            <item name="com.google.android.gms.audit.upload.AuditGcmTaskService" />
            <item name="com.google.android.gms.magictether.host.FirstTimeSetupDialogActivity" />
            <item name="com.google.android.gms.matchstick.ui.WebAppActivity" />
            <item name="com.google.android.gms.accountsettings.mg.ui.main.MainActivity" />
            <item name="com.google.android.gms.nearby.discovery.ui.NotificationSettingsActivity" />
            <item name="com.google.android.gms.wallet.timelineview.TimeLineViewActivity" />
            <item name="com.google.android.gms.nearby.discovery.fastpair.slice.FastPairSliceProvider" />
            <item name="com.google.android.gms.backup.component.MmsBackupSchedulerService" />
            <item name="com.google.android.gms.accountsettings.ui.ZeroPartyEntryPointActivity" />
            <item name="com.google.android.location.settings.DrivingConditionProvider" />
            <item name="com.google.android.gms.carsetup.DiscoverAaSettingsActivity" />
            <item name="com.google.android.gms.car.CarFileProvider" />
            <item name="com.google.android.gms.smartdevice.d2d.ui.TargetDirectTransferActivity" />
            <item name="com.google.android.gms.trustlet.place.ui.TrustedPlacesSettingsActivity" />
            <item name="com.google.android.gms.lockbox.service.LockboxBrokerService" />
            <item name="com.google.android.gms.gass.GassService" />
            <item name="com.google.android.gms.nearby.discovery.ui.ReportAbuseHelperActivity" />
            <item name="com.google.android.gms.wallet.common.ui.UpdateCallingAppActivity" />
            <item name="com.google.android.gms.thunderbird.EmergencyLocationService" />
            <item name="com.google.android.gms.fido.u2f.ui.AuthenticateActivity" />
            <item name="com.google.android.gms.auth.account.data.WorkAccountStoreReceiver" />
            <item name="com.google.android.gms.walletp2p.feature.completion.CompleteMoneyTransferActivity" />
            <item name="com.google.android.gms.mobiledataplan.ui.MobileDataPlanSettingsActivity" />
            <item name="com.google.android.gms.auth.uiflows.addaccount.FinishSessionActivity" />
            <item name="com.google.android.gms.nearby.discovery.devices.FindDeviceActivity" />
            <item name="com.google.android.gms.nearby.discovery.fastpair.HalfSheetActivity" />
            <item name="com.google.android.location.settings.NlpConsentFooterReceiver" />
            <item name="com.google.android.gms.fido.fido2.ui.Fido2FullScreenActivity" />
            <item name="com.google.android.gms.matchstick.contacts.sync.TachystickSyncService" />
            <item name="com.google.android.gms.car.CarServiceSettingsActivity2" />
            <item name="com.google.android.gms.romanesco.settings.ContactsRestoreSettingsActivity" />
            <item name="com.google.android.gms.mobiledataplan.ui.MobileDataPlanDetailActivity" />
            <item name="com.google.android.gms.udc.ui.UdcConsentActivity" />
            <item name="com.google.android.libraries.abuse.reporting.ReportAbuseActivity" />
            <item name="com.google.android.gms.growth.notifications.NotificationActionActivity" />
            <item name="com.google.android.gms.constellation.ui.ConstellationWebSettingsActivity" />
            <item name="com.google.android.gms.rcs.binding.RcsBindingPersistentService" />
            <item name="com.google.android.gms.growth.service.GrowthNotificationTaskService" />
            <item name="com.google.android.gms.auth.cryptauth.register.ReEnrollmentService" />
            <item name="com.google.android.gms.matchstick.settings.RegistrationActivity" />
            <item name="com.google.android.gms.auth.api.accounttransfer.PurgeAccountTransferDataService" />
            <item name="com.google.android.gms.signin.activity.ConsentActivity" />
            <item name="com.google.android.gms.wallet.service.WalletGcmTaskService" />
            <item name="com.google.android.gms.wallet.redirect.StartAndroidAppRedirectProxyActivity" />
            <item name="com.google.android.gms.herrevad.services.CaptivePortalReportService" />
            <item name="com.google.android.gms.nearby.exposurenotification.settings.SettingsActivity" />
            <item name="com.google.android.location.internal.NanoAppUpdaterGcmTaskService" />
            <item name="com.google.android.gms.googlehelp.gcm.InvalidateGcmTokenGcmTaskService" />
            <item name="com.google.android.gms.car.diagnostics.CrashReporterService2" />
            <item name="com.google.android.gms.subscribedfeeds.GmsSubscribedFeedsProvider" />
            <item name="com.google.android.gms.auth.api.phone.ui.AutofillSettingsActivity" />
            <item name="com.google.android.gms.lockbox.LockboxService" />
            <item name="com.google.android.gms.backup.component.D2dMigrateHelperService" />
            <item name="com.google.android.gms.backup.component.D2dTransportService" />
            <item name="com.google.android.gms.growth.ui.GrowthDebugActivity" />
            <item name="com.google.android.gms.locationsharing.service.LocationSharingSettingInjectorService" />
            <item name="com.google.android.gms.auth.managed.ui.SetupWorkProfileActivity" />
            <item name="com.google.android.gms.family.v2.manage.DeleteMemberActivity" />
            <item name="com.google.android.gms.fitness.service.goals.FitGoalsBroker" />
            <item name="com.google.android.gms.constellation.ui.ConstellationChatFeaturesActivity" />
            <item name="com.google.android.gms.tapandpay.admin.TpDeviceAdminReceiver" />
            <item name="com.google.android.location.reporting.service.LocationHistoryInjectorService" />
            <item name="com.google.android.gms.auth.uiflows.consent.BrowserConsentActivity" />
            <item name="com.google.android.gms.thunderbird.settings.ThunderbirdSettingsContentProvider" />
            <item name="com.google.android.gms.app.settings.SettingsSubPageActivity" />
            <item name="com.google.android.gms.easysignin.EasySignInActivity" />
            <item name="com.google.android.gms.auth.uiflows.removeaccount.GetAccountRemovalAllowedActivity" />
            <item name="com.google.android.gms.auth.uiflows.factoryreset.PreFactoryResetActivity" />
            <item name="com.google.android.gms.mdm.services.NetworkQualityAndroidService" />
            <item name="com.google.android.gms.app.net.NetworkUsageActivity" />
            <item name="com.google.android.gms.matchstick.data.LighterContentProvider" />
            <item name="com.google.android.gms.constellation.ui.ConstellationSettingsActivity" />
            <item name="com.google.android.gms.wallet.usermanagement.UserManagementActivity" />
            <item name="com.google.android.gms.security.settings.AdmSettingsActivity" />
            <item name="com.google.android.gms.nearby.discovery.fastpair.CompanionAppInstallActivity" />
            <item name="com.google.android.gms.subscribedfeeds.SyncService" />
            <item name="com.google.android.gms.ipa.base.IpaGcmTaskService" />
            <item name="com.google.android.location.settings.LocationAccuracySettingsActivity" />
            <item name="com.google.android.gms.mobiledataplan.service.PeriodicUpdaterService" />
            <item name="com.google.android.gms.growth.ui.webview.GrowthWebViewActivity" />
            <item name="com.google.android.gms.car.CarService" />
            <item name="com.google.android.gms.herrevad.services.ImmediateProcessReportsService" />
            <item name="com.google.android.gms.learning.training.background.TrainingGcmTaskService" />
            <item name="com.google.android.location.settings.DrivingActivity" />
            <item name="com.google.android.gms.googlehelp.helpactivities.OpenHelpRtcActivity" />
            <item name="com.google.android.gms.phenotype.service.FlagOverrideReceiver" />
            <item name="com.google.android.location.settings.ActivityRecognitionModeActivity" />
            <item name="com.google.android.gms.herrevad.services.LightweightNetworkQualityWorkerService" />
            <item name="com.google.android.gms.googlehelp.contact.chat.ChatSupportRequestFormActivity" />
            <item name="com.google.android.gms.auth.proximity.multidevice.SettingsActivity" />
            <item name="com.google.android.gms.auth.frp.FreUnlockActivity" />
            <item name="com.google.android.gms.nearby.exposurenotification.service.ExposureNotificationInternalService" />
        </enabled-components>
        <disabled-components>
            <item name="com.google.android.gms.netrec.scoring.receiver.ScoreNetworksBroadcastReceiver" />
            <item name="com.google.android.gms.nearby.sharing.DirectShareService" />
            <item name="com.google.android.location.drivingmode.DrivingModeSettingsActivity" />
            <item name="com.google.android.gms.backup.component.BackupOptInActivity" />
            <item name="com.google.android.gms.gconnect.ui.ErrorActivity" />
            <item name="com.google.android.gms.auth.managed.ui.SetNewPasswordActivity" />
            <item name="com.google.android.gms.app.receiver.OneTimeInitializerReceiver" />
            <item name="com.google.android.gms.pay.notifications.GcmBroadcastReceiver" />
            <item name="com.google.android.gms.pay.security.storagekey.service.StorageKeyCacheService" />
            <item name="com.google.android.gms.nearby.sharing.SettingsActivity" />
            <item name="com.google.android.gms.auth.uiflows.addaccount.DmDownloadInstallActivity" />
            <item name="com.google.android.gms.accountsettings.content.SettingsSearchContentProvider" />
            <item name="com.google.android.gms.carsetup.DrivingModeFrxActivity" />
            <item name="com.google.android.gms.carsetup.DrivingModeSettingsActivity" />
            <item name="com.google.android.gms.pay.notifications.PayNotificationService" />
            <item name="com.google.android.gms.gconnect.ui.SmsEntryActivity" />
            <item name="com.google.android.gms.auth.account.authenticator.WorkAccountAuthenticatorService" />
            <item name="com.google.android.gms.nearby.sharing.ReceiveSurfaceActivity" />
            <item name="com.google.android.gms.kids.settings.KidsSettingsActivityAliasSuw" />
            <item name="com.google.android.gms.nearby.mediums.nearfieldcommunication.NfcAdvertisingService" />
            <item name="com.google.android.gms.carsetup.DrivingModeSettingsNoSummaryActivity" />
            <item name="com.google.android.gms.nearby.sharing.ShareSheetActivity" />
            <item name="com.google.android.gms.trustagent.GoogleTrustAgentTrustStatusMonitorSetting" />
            <item name="com.google.android.location.settings.EAlertSettingsActivity" />
            <item name="com.google.android.gms.nearby.sharing.SettingsActivityAlias" />
            <item name="com.google.android.gms.auth.managed.ui.SettingsSecurityDeviceOwnerActivity" />
            <item name="com.google.android.location.ealert.ux.EAlertSafetyInfoActivity" />
            <item name="com.google.android.gms.car.CarHomeActivity1" />
            <item name="com.google.android.gms.car.CarHomeActivity2" />
            <item name="com.google.android.gms.nearby.sharing.SetupActivity" />
            <item name="com.google.android.gms.gconnect.ui.ConnectionWizardActivity" />
            <item name="com.google.android.gms.accountsettings.ui.SearchEntryPointActivity" />
            <item name="com.google.android.gms.nearby.sharing.SharingTileService" />
            <item name="com.google.android.gms.carsetup.DrivingModeProvider" />
            <item name="com.google.android.gms.gconnect.ui.ConnectionCompletionActivity" />
            <item name="com.google.android.gms.nearby.sharing.SharingSyncService" />
            <item name="com.google.android.gms.auth.uiflows.addaccount.GoogleServicesActivity" />
            <item name="com.google.android.gms.ocr.CardCaptureActivity" />
            <item name="com.google.android.gms.ocr.SecuredCreditCardOcrActivity" />
            <item name="com.google.android.gms.pay.main.PayActivity" />
            <item name="com.google.android.location.drivingmode.DrivingModeSettingsNoSummaryActivity" />
            <item name="com.google.android.gms.gconnect.ui.PhoneNumberTosActivity" />
            <item name="com.google.android.gms.pay.gcmtask.PayGcmTaskService" />
            <item name="com.google.android.location.drivingmode.AutoLaunchService" />
            <item name="com.google.android.gms.nearby.discovery.fastpair.slice.FastPairContextualCardProvider" />
            <item name="com.google.android.gms.ocr.GiftCardOcrActivity" />
            <item name="com.google.android.gms.auth.managed.admin.DeviceAdminReceiver" />
            <item name="com.google.android.location.service.EAlertSettingInjectorService" />
            <item name="com.google.android.gms.nearby.sharing.ReceiveSurfaceActivityAlias" />
            <item name="com.google.android.gms.trustagent.discovery.OnbodyPromotionActivity" />
            <item name="com.google.android.gms.matchstick.ui.BMMRegistrationActivity" />
            <item name="com.google.android.location.drivingmode.DrivingModeFrxActivity" />
        </disabled-components>
    </pkg>
    <pkg name="com.google.android.gsf" ceDataInode="8356307">
        <disabled-components>
            <item name="com.google.android.gsf.loginservice.MigrateToAccountManagerBroadcastReceiver" />
            <item name="com.google.android.gsf.subscribedfeeds.SubscribedFeedsSyncAdapterService" />
        </disabled-components>
    </pkg>
    <pkg name="com.google.android.tag" ceDataInode="8356310" />
    <pkg name="com.google.android.tts" ceDataInode="8356313" />
    <pkg name="com.android.phone.overlay.common" ceDataInode="8356316" />
    <pkg name="com.qualcomm.qti.qtisystemservice" ceDataInode="8356319" />
    <pkg name="com.coloros.colorfilestand" ceDataInode="8356322" />
    <pkg name="com.android.carrierconfig.overlay.common" ceDataInode="8356325" />
    <pkg name="com.android.calllogbackup" ceDataInode="8356328" />
    <pkg name="com.google.android.partnersetup" ceDataInode="8356332">
        <disabled-components>
            <item name="com.google.android.partnersetup.PhoneStateReceiver" />
        </disabled-components>
    </pkg>
    <pkg name="com.android.systemui.overlay.common" ceDataInode="8356335" />
    <pkg name="com.android.server.telecom.overlay.common" ceDataInode="8356338" />
    <pkg name="com.google.android.videos" ceDataInode="8356341" enabled="1">
        <enabled-components>
            <item name="com.google.android.videos.ManageNetworkUsageActivity" />
        </enabled-components>
    </pkg>
    <pkg name="com.oppo.resmonitor" ceDataInode="8356345" />
    <pkg name="com.oppo.selfstickservice" ceDataInode="8356348" />
    <pkg name="com.coloros.pictorial" ceDataInode="8356351" />
    <pkg name="com.android.carrierdefaultapp" ceDataInode="8356355" domainVerificationStatus="2" app-link-generation="4">
        <disabled-components>
            <item name="com.android.carrierdefaultapp.URLHandlerActivity" />
        </disabled-components>
    </pkg>
    <pkg name="com.dsi.ant.server" ceDataInode="8356358" />
    <pkg name="com.qualcomm.qti.remoteSimlockAuth" ceDataInode="8356361" />
    <pkg name="com.android.proxyhandler" ceDataInode="8356364" />
    <pkg name="com.coloros.widget.smallweather" ceDataInode="8356367" />
    <pkg name="com.coloros.flashlight" ceDataInode="8364033" />
    <pkg name="com.qualcomm.qti.workloadclassifier" ceDataInode="8364036" />
    <pkg name="com.coloros.sceneservice" ceDataInode="8364039" />
    <pkg name="com.coloros.calculator" ceDataInode="8364042" />
    <pkg name="com.google.android.feedback" ceDataInode="8364045" />
    <pkg name="com.google.android.printservice.recommendation" ceDataInode="8364048" />
    <pkg name="com.google.android.apps.photos" ceDataInode="8364051">
        <enabled-components>
            <item name="com.google.android.apps.photos.search.SearchActivityAlias" />
            <item name="com.google.android.apps.photos.photobook.storefront.PhotoBookStoreFrontActivityAlias" />
            <item name="com.google.android.apps.photos.partneraccount.receive.deeplink.PartnerSharingInvitationGatewayActivityAlias" />
            <item name="com.google.android.apps.photos.create.movie.deeplink.ConceptMovieDeepLinkActivityAlias" />
            <item name="com.google.android.apps.photos.home.HomeActivityAlias" />
        </enabled-components>
    </pkg>
    <pkg name="com.google.android.calendar" ceDataInode="8364054" domainVerificationStatus="2" app-link-generation="5">
        <disabled-components>
            <item name="com.google.android.calendar.SyncUpgradeReceiver" />
            <item name="com.google.android.calendar.AllPrefsUpgradeReceiver" />
        </disabled-components>
    </pkg>
    <pkg name="com.android.managedprovisioning" ceDataInode="8364057" />
    <pkg name="com.oppo.aod" ceDataInode="8364060" />
    <pkg name="com.oppo.ota" ceDataInode="8364063" />
    <pkg name="com.oppo.sos" ceDataInode="8364066" />
    <pkg name="com.oppo.camera" ceDataInode="8364069" />
    <pkg name="com.tencent.soter.soterserver" ceDataInode="8364073" />
    <pkg name="com.coloros.oppopods" ceDataInode="8364076" stopped="true" nl="true" />
    <pkg name="com.facebook.katana" ceDataInode="8364080" />
    <pkg name="com.coloros.alarmclock" ceDataInode="8364083" />
    <pkg name="com.android.providers.partnerbookmarks" ceDataInode="8364087" />
    <pkg name="com.android.smspush" ceDataInode="8364090" />
    <pkg name="com.android.networksettings.overlay.ct" ceDataInode="8364093" />
    <pkg name="com.android.wallpaper.livepicker" ceDataInode="8364096" />
    <pkg name="com.oppo.logkit" ceDataInode="8364099" />
    <pkg name="com.coloros.phonemanager" ceDataInode="8364102" />
    <pkg name="com.coloros.securepay" ceDataInode="8364105" />
    <pkg name="com.facebook.system" ceDataInode="8364108">
        <disabled-components>
            <item name="com.facebook.oxygen.installer.crashhandler.CrashRedirectActivity" />
        </disabled-components>
    </pkg>
    <pkg name="com.coloros.sauhelper" ceDataInode="8364111" />
    <pkg name="com.google.android.gms.policy_sidecar_aps" ceDataInode="8364114" />
    <pkg name="com.oppo.engineermode.network" ceDataInode="8364117" />
    <pkg name="com.coloros.safecenter" ceDataInode="8364120" />
    <pkg name="com.google.android.backuptransport" ceDataInode="8364123" />
    <pkg name="com.android.storagemanager" ceDataInode="8364126" />
    <pkg name="com.oppo.qualityprotect" ceDataInode="8364129" />
    <pkg name="com.oppo.oppoportaldetect" ceDataInode="8364132" />
    <pkg name="com.android.bookmarkprovider" ceDataInode="8364135" />
    <pkg name="com.android.settings" ceDataInode="8364138">
        <enabled-components>
            <item name="com.android.settings.WebViewImplementation" />
        </enabled-components>
        <disabled-components>
            <item name="com.android.settings.CryptKeeper" />
        </disabled-components>
    </pkg>
    <pkg name="com.qualcomm.qti.ims" ceDataInode="8364141" />
    <pkg name="com.qualcomm.qti.lpa" ceDataInode="8364144" />
    <pkg name="com.qualcomm.qti.uim" ceDataInode="8364147" />
    <pkg name="com.oppo.engineermode" ceDataInode="8364150">
        <disabled-components>
            <item name="com.oppo.engineermode.wireless.BootCompleteReceiver" />
        </disabled-components>
    </pkg>
    <pkg name="com.oppo.wifirf" ceDataInode="8364153" stopped="true" enabled="3" enabledCaller="com.android.vending" />
    <pkg name="com.nearme.atlas" ceDataInode="8364156" />
    <pkg name="com.oppo.wifisniffer" ceDataInode="8364160" />
    <pkg name="com.coloros.exserviceui" ceDataInode="8364163" />
    <pkg name="com.coloros.screenshot" ceDataInode="8364166" />
    <pkg name="com.oppo.bttestmode" ceDataInode="8364170" />
    <pkg name="com.qualcomm.location" ceDataInode="8364173" />
    <pkg name="com.oppo.atlas" ceDataInode="8364176" />
    <pkg name="com.oppo.music" ceDataInode="8364179" />
    <pkg name="com.oppo.otaui" ceDataInode="8364183" />
    <pkg name="com.oppo.criticallog" ceDataInode="8364186" />
    <pkg name="com.android.cts.ctsshim" ceDataInode="8364189" />
    <pkg name="com.coloros.video" ceDataInode="8364192">
        <disabled-components>
            <item name="com.coloros.video.mycenter.MoviePlayerActivity" />
        </disabled-components>
    </pkg>
    <pkg name="com.coloros.safesdkproxy" ceDataInode="8364196" />
    <pkg name="com.android.systemui.overlay.ct" ceDataInode="8364199" />
    <pkg name="com.coloros.filemanager" ceDataInode="8364202" />
    <pkg name="com.oppo.usercenter" ceDataInode="8364206">
        <disabled-components>
            <item name="com.oppo.usercenter.vip.UCVIPMainActivity" />
        </disabled-components>
    </pkg>
    <pkg name="com.android.vpndialogs" ceDataInode="8364210" />
    <pkg name="com.coloros.oppomultiapp" ceDataInode="8364213" />
    <pkg name="com.google.android.keep" ceDataInode="8364216" />
    <pkg name="com.coloros.soundrecorder" ceDataInode="8364219" stopped="true" />
    <pkg name="com.android.phone" ceDataInode="8364222" />
    <pkg name="com.android.shell" ceDataInode="8364225">
        <enabled-components>
            <item name="com.android.shell.BugreportStorageProvider" />
        </enabled-components>
    </pkg>
    <pkg name="com.android.wallpaperbackup" ceDataInode="8364228" />
    <pkg name="com.android.providers.blockednumber" ceDataInode="8364231" />
    <pkg name="com.android.email.partnerprovider" ceDataInode="8364235" />
    <pkg name="com.android.providers.userdictionary" ceDataInode="8364238" />
    <pkg name="com.oppo.quicksearchbox" ceDataInode="8364242" />
    <pkg name="com.qualcomm.qti.seccamservice" ceDataInode="8364245" />
    <pkg name="com.qualcomm.qti.qmmi" ceDataInode="8364248" />
    <pkg name="com.color.eyeprotect" ceDataInode="8364251" />
    <pkg name="com.android.location.fused" ceDataInode="8364254" />
    <pkg name="com.opera.preinstall" ceDataInode="8364257" stopped="true" nl="true" />
    <pkg name="com.android.systemui" ceDataInode="8364260">
        <disabled-components>
            <item name="com.android.systemui.tuner.TunerActivity" />
        </disabled-components>
    </pkg>
    <pkg name="com.coloros.providers.fileinfo" ceDataInode="8364263" />
    <pkg name="com.android.bluetoothmidiservice" ceDataInode="8364266" />
    <pkg name="com.qualcomm.qti.poweroffalarm" ceDataInode="8364269" />
    <pkg name="com.facebook.appmanager" ceDataInode="8364272">
        <enabled-components>
            <item name="com.facebook.oxygen.appmanager.firstparty.tos.ShouldShowTos" />
            <item name="com.facebook.oxygen.appmanager.firstparty.tos.ShouldAcceptTos" />
            <item name="com.facebook.oxygen.appmanager.firstparty.tos.ShouldShowExplicitTos" />
        </enabled-components>
        <disabled-components>
            <item name="com.facebook.oxygen.appmanager.nekodirect.progress.ProgressContentProvider" />
            <item name="com.facebook.oxygen.appmanager.ui.about.AboutActivity" />
            <item name="com.facebook.oxygen.appmanager.nekodirect.NekoDirectService" />
            <item name="com.facebook.oxygen.appmanager.webinstall.WebInstallActivity" />
            <item name="com.facebook.oxygen.appmanager.webinstall.WebInstallAppLinkActivity" />
            <item name="com.facebook.oxygen.appmanager.webinstall.WebInstallDeepLinkActivity" />
        </disabled-components>
    </pkg>
    <pkg name="com.oppo.tzupdate" ceDataInode="8364276" />
    <pkg name="com.nearme.romupdate" ceDataInode="8364279" />
    <pkg name="com.coloros.floatassistant" ceDataInode="8364282" stopped="true" enabled="2" enabledCaller="com.android.settings" />
    <pkg name="com.coloros.childrenspace" ceDataInode="8364285" />
    <pkg name="com.oppo.rftoolkit" ceDataInode="8364288" />
    <pkg name="com.qualcomm.qti.qms.service.trustzoneaccess" ceDataInode="8364291" />
    <pkg name="com.oppo.gestureservice" ceDataInode="8364295" />
    <pkg name="com.coloros.gallery3d" ceDataInode="8364298">
        <enabled-components>
            <item name="com.oppo.gallery3d.provider.SearchSuggestionProvider" />
        </enabled-components>
        <disabled-components>
            <item name="com.oppo.gallery3d.app.Settings" />
        </disabled-components>
    </pkg>
    <pkg name="com.google.android.apps.magazines" ceDataInode="8364302" enabled="1" />
    <pkg name="com.android.bluetooth" ceDataInode="8364305" />
    <pkg name="com.qualcomm.timeservice" ceDataInode="8364308" />
    <pkg name="com.qualcomm.atfwd" ceDataInode="8364311" />
    <pkg name="com.qualcomm.embms" ceDataInode="8364314" />
    <pkg name="com.android.providers.contacts" ceDataInode="8364317" />
    <pkg name="com.coloros.appmanager" ceDataInode="8364321" />
    <pkg name="com.oppo.usageDump" ceDataInode="8364324" />
    <pkg name="com.oppo.usagedump" ceDataInode="8364327" />
    <pkg name="com.coloros.securitypermission" ceDataInode="8364330" />
    <pkg name="com.android.cellbroadcastreceiver.overlay.common" ceDataInode="8364333" />
    <pkg name="com.google.android.inputmethod.latin" ceDataInode="8364336">
        <disabled-components>
            <item name="com.google.android.apps.inputmethod.libs.framework.core.LauncherActivity" />
        </disabled-components>
    </pkg>
    <pkg name="com.oppo.lfeh" ceDataInode="8364339" />
    <pkg name="com.coloros.avastofferwall" ceDataInode="8364342" />
    <pkg name="com.android.bluetooth.overlay.common" ceDataInode="8364345" />
    <pkg name="com.google.android.apps.restore" ceDataInode="8364348" />
    <preferred-activities>
        <item name="com.google.android.googlequicksearchbox/com.google.android.search.core.google.GoogleSearch" match="100000" always="true" set="2">
            <set name="com.google.android.googlequicksearchbox/com.google.android.search.core.google.GoogleSearch" />
            <set name="com.opera.browser/com.opera.android.MainLauncherActivity" />
            <filter>
                <action name="android.intent.action.WEB_SEARCH" />
                <cat name="android.intent.category.DEFAULT" />
            </filter>
        </item>
        <item name="com.android.mms/.ui.ComposeMessageActivity" match="200000" always="true" set="1">
            <set name="com.android.mms/.ui.ComposeMessageActivity" />
            <filter>
                <action name="android.intent.action.SENDTO" />
                <cat name="android.intent.category.DEFAULT" />
                <scheme name="sms" />
            </filter>
        </item>
        <item name="com.android.mms/.ui.ComposeMessageActivity" match="200000" always="true" set="1">
            <set name="com.android.mms/.ui.ComposeMessageActivity" />
            <filter>
                <action name="android.intent.action.SENDTO" />
                <cat name="android.intent.category.DEFAULT" />
                <scheme name="mms" />
            </filter>
        </item>
        <item name="com.android.mms/.ui.ComposeMessageActivity" match="200000" always="true" set="1">
            <set name="com.android.mms/.ui.ComposeMessageActivity" />
            <filter>
                <action name="android.intent.action.SENDTO" />
                <cat name="android.intent.category.DEFAULT" />
                <scheme name="mmsto" />
            </filter>
        </item>
        <item name="com.android.mms/.ui.ComposeMessageActivity" match="200000" always="true" set="1">
            <set name="com.android.mms/.ui.ComposeMessageActivity" />
            <filter>
                <action name="android.intent.action.SENDTO" />
                <cat name="android.intent.category.DEFAULT" />
                <scheme name="smsto" />
            </filter>
        </item>
    </preferred-activities>
    <persistent-preferred-activities />
    <crossProfile-intent-filters />
    <default-apps />
</package-restrictions>
